/net019 X,/net019 YRe,/net019 YReImag
1,40.63519786134305,-3.676547373805618e-07
1.023292992280754,40.63519786094991,-3.761815883121829e-07
1.047128548050899,40.63519786053857,-3.849044459212299e-07
1.071519305237606,40.63519786010821,-3.938276930264182e-07
1.096478196143185,40.63519785965797,-4.029558019258621e-07
1.122018454301963,40.63519785918692,-4.122933356346135e-07
1.148153621496882,40.63519785869418,-4.218449490964921e-07
1.174897554939529,40.63519785817872,-4.316153903673898e-07
1.202264434617413,40.63519785763954,-4.416095017654248e-07
1.230268770812381,40.63519785707558,-4.518322209848135e-07
1.258925411794167,40.63519785648572,-4.622885821665676e-07
1.288249551693134,40.63519785586882,-4.729837169251369e-07
1.318256738556407,40.63519785522366,-4.839228553231745e-07
1.348962882591653,40.63519785454898,-4.951113267896921e-07
1.380384264602885,40.63519785384351,-5.065545609779345e-07
1.412537544622754,40.63519785310585,-5.18258088555665e-07
1.445439770745927,40.63519785233462,-5.302275419225319e-07
1.479108388168207,40.63519785152831,-5.42468655848946e-07
1.513561248436208,40.63519785068541,-5.549872680288586e-07
1.548816618912481,40.63519784980433,-5.677893195427516e-07
1.584893192461113,40.63519784888341,-5.808808552199959e-07
1.621810097358929,40.63519784792091,-5.942680238974551e-07
1.65958690743756,40.63519784691507,-6.079570785662543e-07
1.698243652461743,40.63519784586403,-6.219543763975156e-07
1.737800828749374,40.63519784476586,-6.362663786434798e-07
1.778279410038922,40.63519784361856,-6.508996504041545e-07
1.819700858609982,40.63519784242006,-6.658608602528886e-07
1.862087136662866,40.63519784116819,-6.811567797147812e-07
1.905460717963246,40.63519783986077,-6.967942825891256e-07
1.949844599758044,40.63519783849546,-7.127803441106342e-07
1.995262314968878,40.63519783706989,-7.291220399433932e-07
2.041737944669527,40.6351978355816,-7.458265449983183e-07
2.089296130854037,40.63519783402803,-7.629011320735848e-07
2.13796208950223,40.63519783240655,-7.803531703081848e-07
2.18776162394955,40.63519783071443,-7.981901234481372e-07
2.238721138568337,40.6351978289489,-8.164195479198728e-07
2.29086765276777,40.63519782710703,-8.350490907094017e-07
2.344228815319919,40.63519782518588,-8.540864870471587e-07
2.398832919019488,40.63519782318238,-8.735395578974888e-07
2.454708915685027,40.63519782109336,-8.934162072563471e-07
2.511886431509577,40.63519781891562,-9.137244192608902e-07
2.57039578276886,40.63519781664581,-9.344722551167806e-07
2.630267991895378,40.63519781428057,-9.556678498527027e-07
2.691534803926912,40.63519781181636,-9.773194089130327e-07
2.754228703338163,40.6351978092497,-9.994352046025629e-07
2.81838293126445,40.63519780657688,-1.022023572401545e-06
2.884031503126602,40.63519780379423,-1.045092907172747e-06
2.951209226666381,40.63519780089797,-1.068651659282917e-06
3.019951720402012,40.63519779788425,-1.092708330671545e-06
3.090295432513586,40.63519779474918,-1.117271470900088e-06
3.162277660168374,40.63519779148881,-1.142349673215876e-06
3.235936569296277,40.63519778809913,-1.167951570683272e-06
3.311311214825905,40.63519778457611,-1.194085832424516e-06
3.38844156139202,40.6351977809157,-1.220761160026459e-06
3.46736850452531,40.6351977771138,-1.247986284181329e-06
3.548133892335748,40.6351977731663,-1.275769961620081e-06
3.630780547701007,40.63519776906913,-1.304120972418833e-06
3.715352290971718,40.63519776481819,-1.33304811775832e-06
3.801893963205605,40.63519776040945,-1.362560218222976e-06
3.890451449942799,40.63519775583885,-1.39266611273372e-06
3.981071705534965,40.63519775110248,-1.423374658218415e-06
4.073802778041119,40.6351977461964,-1.4546947301204e-06
4.168693834703346,40.63519774111685,-1.486635223867815e-06
4.265795188015918,40.63519773586015,-1.519205057411815e-06
4.365158322401651,40.6351977304227,-1.552413174964803e-06
4.466835921509622,40.63519772480107,-1.586268552061896e-06
4.570881896148741,40.63519771899204,-1.620780202075938e-06
4.677351412871972,40.63519771299256,-1.655957184320934e-06
4.786300923226373,40.63519770679975,-1.691808613872856e-06
4.897788193684452,40.63519770041102,-1.72834367323971e-06
5.011872336272712,40.63519769382402,-1.765571626015979e-06
5.128613839913638,40.63519768703669,-1.803501832634239e-06
5.248074602497715,40.63519768004726,-1.842143768342778e-06
5.370317963702516,40.63519767285432,-1.881507043511024e-06
5.495408738576233,40.63519766545683,-1.921601426362721e-06
5.623413251903478,40.6351976578541,-1.9624368682198e-06
5.754399373371556,40.63519765004587,-2.004023531326664e-06
5.888436553555876,40.6351976420323,-2.046371819298665e-06
6.025595860743564,40.63519763381403,-2.089492410229809e-06
6.165950018614807,40.63519762539214,-2.133396292454861e-06
6.309573444801917,40.63519761676827,-2.17809480295261e-06
6.456542290346539,40.6351976079445,-2.223599668330838e-06
6.606934480075944,40.63519759892348,-2.269923048322723e-06
6.760829753919801,40.63519758970843,-2.31707758167326e-06
6.918309709189348,40.63519758030307,-2.365076434278957e-06
7.079457843841362,40.63519757071174,-2.413933349401937e-06
7.244359600749883,40.63519756093934,-2.463662699745607e-06
7.413102413009157,40.63519755099134,-2.514279541155617e-06
7.585775750291819,40.63519754087381,-2.565799667665911e-06
7.762471166286898,40.63519753059335,-2.618239667593918e-06
7.943282347242794,40.63519752015716,-2.67161698034851e-06
8.128305161640972,40.635197509573,-2.725949953607751e-06
8.317637711026689,40.63519749884912,-2.781257900484578e-06
8.511380382023743,40.63519748799435,-2.837561156301209e-06
8.709635899560784,40.63519747701799,-2.894881134572044e-06
8.912509381337431,40.63519746592981,-2.953240381800811e-06
9.120108393559072,40.63519745474,-3.012662630684406e-06
9.332543007969884,40.6351974434592,-3.073172851346401e-06
9.549925860214332,40.6351974320984,-3.134797300216744e-06
9.772372209558078,40.6351974206689,-3.197563566210468e-06
9.99999999999997,40.63519740918229,-3.261500613872879e-06
10.23292992280751,40.63519739765039,-3.326638823211493e-06
10.47128548050896,40.63519738608525,-3.393010025948265e-06
10.71519305237603,40.63519737449901,-3.460647537994585e-06
10.96478196143182,40.63519736290392,-3.529586187977944e-06
11.2201845430196,40.63519735131228,-3.599862341721242e-06
11.48153621496879,40.63519733973637,-3.671513922607245e-06
11.74897554939526,40.63519732818839,-3.744580427835131e-06
12.02264434617409,40.63519731668042,-3.819102940616319e-06
12.30268770812378,40.63519730522436,-3.895124138421649e-06
12.58925411794163,40.63519729383199,-3.972688297434883e-06
12.8824955169313,40.63519728251467,-4.05184129342677e-06
13.18256738556403,40.63519727128358,-4.132630599299672e-06
13.48962882591649,40.63519726014948,-4.215105279601047e-06
13.8038426460288,40.63519724912278,-4.299315982340148e-06
14.12537544622749,40.63519723821342,-4.385314928465123e-06
14.45439770745922,40.63519722743096,-4.473155899392806e-06
14.79108388168202,40.63519721678437,-4.562894222992012e-06
15.13561248436203,40.63519720628219,-4.654586758437216e-06
15.48816618912476,40.63519719593243,-4.748291880354869e-06
15.84893192461108,40.63519718574248,-4.844069462680601e-06
16.21810097358924,40.63519717571924,-4.941980862641212e-06
16.59586907437554,40.63519716586902,-5.042088905261621e-06
16.98243652461738,40.63519715619752,-5.144457868781136e-06
17.37800828749369,40.63519714670991,-5.249153471338764e-06
17.78279410038916,40.63519713741078,-5.356242859268756e-06
18.19700858609976,40.6351971283041,-5.465794597309564e-06
18.6208713666286,40.63519711939333,-5.577878661011083e-06
19.0546071796324,40.63519711068136,-5.692566431583498e-06
19.49844599758038,40.63519710217052,-5.80993069340339e-06
19.95262314968872,40.63519709386266,-5.930045634359897e-06
20.41737944669521,40.63519708575905,-6.052986849189448e-06
20.89296130854031,40.63519707786058,-6.178831345916594e-06
21.37962089502224,40.63519707016759,-6.307657555490107e-06
21.87761623949544,40.63519706267999,-6.439545344671419e-06
22.38721138568331,40.63519705539731,-6.574576032209365e-06
22.90867652767764,40.63519704831863,-6.712832408307796e-06
23.44228815319913,40.63519704144272,-6.854398757372579e-06
23.98832919019481,40.63519703476794,-6.999360884004823e-06
24.5470891568502,40.63519702829238,-7.147806142189038e-06
25.1188643150957,40.63519702201381,-7.299823467611617e-06
25.70395782768853,40.63519701592973,-7.455503413031974e-06
26.30267991895371,40.63519701003737,-7.614938186622472e-06
26.91534803926904,40.63519700433379,-7.778221693180624e-06
27.54228703338154,40.63519699881582,-7.945449578116105e-06
28.18382931264442,40.63519699348011,-8.116719274111856e-06
28.84031503126593,40.63519698832317,-8.292130050355479e-06
29.51209226666373,40.63519698334132,-8.471783064238114e-06
30.19951720402003,40.63519697853084,-8.655781415420945e-06
30.90295432513577,40.63519697388787,-8.844230202170901e-06
31.62277660168365,40.63519696940848,-9.037236579872321e-06
32.35936569296268,40.63519696508868,-9.234909821626013e-06
33.11311214825896,40.63519696092441,-9.437361380853269e-06
33.8844156139201,40.63519695691163,-9.644704955826605e-06
34.67368504525301,40.63519695304623,-9.85705655606063e-06
35.48133892335738,40.63519694932409,-1.007453457049613e-05
36.30780547700997,40.63519694574116,-1.029725983742592e-05
37.15352290971708,40.63519694229335,-1.052535571611153e-05
38.01893963205595,40.63519693897659,-1.07589481600506e-05
38.90451449942788,40.63519693578688,-1.099816579186262e-05
39.81071705534954,40.63519693272026,-1.124313997976415e-05
40.73802778041109,40.63519692977277,-1.149400491561633e-05
41.68693834703335,40.6351969269406,-1.175089769453042e-05
42.65795188015907,40.63519692421988,-1.201395839602594e-05
43.65158322401639,40.63519692160695,-1.228333016673996e-05
44.6683592150961,40.63519691909806,-1.255915930469523e-05
45.70881896148729,40.63519691668966,-1.284159534513653e-05
46.7735141287196,40.63519691437821,-1.31307911479526e-05
47.86300923226361,40.63519691216032,-1.342690298670572e-05
48.97788193684438,40.63519691003258,-1.373009063929386e-05
50.11872336272698,40.63519690799178,-1.404051748027711e-05
51.28613839913623,40.63519690603466,-1.435835057490187e-05
52.480746024977,40.63519690415819,-1.46837607748623e-05
53.70317963702501,40.63519690235931,-1.501692281583999e-05
54.95408738576219,40.63519690063509,-1.535801541686765e-05
56.23413251903463,40.63519689898274,-1.570722138156453e-05
57.54399373371541,40.63519689739947,-1.60647277012956e-05
58.88436553555861,40.63519689588259,-1.643072566030716e-05
60.25595860743547,40.63519689442954,-1.680541094289607e-05
61.65950018614791,40.63519689303784,-1.718898374267094e-05
63.09573444801901,40.63519689170501,-1.75816488739657e-05
64.56542290346522,40.63519689042877,-1.798361588546947e-05
66.06934480075925,40.63519688920684,-1.839509917613622e-05
67.60829753919782,40.63519688803702,-1.881631811344214e-05
69.18309709189329,40.63519688691723,-1.924749715405877e-05
70.79457843841342,40.63519688584539,-1.968886596701175e-05
72.44359600749863,40.63519688481961,-2.014065955939784e-05
74.13102413009136,40.63519688383795,-2.060311840473289e-05
75.85775750291798,40.63519688289862,-2.107648857400662e-05
77.62471166286876,40.63519688199985,-2.156102186951994e-05
79.43282347242773,40.63519688113999,-2.205697596158386e-05
81.28305161640949,40.63519688031738,-2.256461452815906e-05
83.17637711026666,40.63519687953048,-2.308420739751738e-05
85.11380382023719,40.63519687877779,-2.36160306940083e-05
87.0963589956076,40.63519687805786,-2.416036698701413e-05
89.12509381337408,40.63519687736932,-2.471750544318032e-05
91.20108393559049,40.63519687671082,-2.52877419820078e-05
93.32543007969861,40.63519687608112,-2.587137943489673e-05
95.49925860214309,40.63519687547893,-2.646872770773212e-05
97.72372209558054,40.63519687490313,-2.708010394710348e-05
99.99999999999946,40.63519687435256,-2.770583271025332e-05
102.3292992280749,40.63519687382614,-2.834624613884928e-05
104.7128548050894,40.63519687332283,-2.900168413667836e-05
107.15193052376,40.63519687284165,-2.96724945513625e-05
109.6478196143179,40.63519687238161,-3.03590333601965e-05
112.2018454301957,40.63519687194182,-3.106166486021282e-05
114.8153621496876,40.63519687152137,-3.17807618625771e-05
117.4897554939523,40.63519687109579,-3.251670589139239e-05
120.2264434617406,40.63519687071157,-3.326988738720583e-05
123.0268770812374,40.63519687034429,-3.404070591486945e-05
125.892541179416,40.6351968699932,-3.482957037648086e-05
128.8249551693126,40.63519686965758,-3.563689922906321e-05
131.8256738556399,40.63519686933676,-3.646312070728547e-05
134.8962882591645,40.6351968690301,-3.730867305131434e-05
138.0384264602876,40.63519686873694,-3.817400473992142e-05
141.2537544622746,40.63519686845671,-3.905957472897235e-05
144.5439770745919,40.63519686818886,-3.996585269542717e-05
147.9108388168198,40.63519686793277,-4.089331928698368e-05
151.3561248436199,40.63519686768797,-4.184246637749931e-05
154.8816618912472,40.63519686745394,-4.281379732832816e-05
158.4893192461104,40.63519686723019,-4.380782725571515e-05
162.181009735892,40.6351968670163,-4.482508330439052e-05
165.9586907437551,40.63519686681176,-4.586610492751162e-05
169.8243652461734,40.63519686661622,-4.693144417310287e-05
173.7800828749365,40.63519686642921,-4.802166597714684e-05
177.8279410038912,40.6351968662504,-4.913734846348403e-05
181.9700858609972,40.63519686607938,-5.02790832506815e-05
186.2087136662855,40.63519686591582,-5.144747576603477e-05
190.5460717963235,40.63519686575935,-5.264314556687109e-05
194.9844599758032,40.63519686560968,-5.386672666932485e-05
199.5262314968867,40.63519686546647,-5.511886788476179e-05
204.1737944669516,40.63519686532942,-5.640023316403067e-05
208.9296130854026,40.63519686519828,-5.771150194972637e-05
213.7962089502218,40.63519686507275,-5.905336953665223e-05
218.7761623949538,40.63519686495256,-6.042654744067354e-05
223.8721138568325,40.63519686483749,-6.183176377615861e-05
229.0867652767758,40.63519686472726,-6.326976364220865e-05
234.4228815319906,40.63519686462168,-6.474130951788162e-05
239.8832919019474,40.63519686452049,-6.624718166662081e-05
245.4708915685014,40.63519686442351,-6.778817855010265e-05
251.1886431509563,40.63519686433052,-6.936511725172455e-05
257.0395782768846,40.63519686424132,-7.097883390995718e-05
263.0267991895364,40.63519686415574,-7.263018416179221e-05
269.1534803926897,40.63519686407358,-7.432004359652051e-05
275.4228703338148,40.6351968639947,-7.604930822008246e-05
281.8382931264435,40.63519686391889,-7.781889493023653e-05
288.4031503126586,40.63519686384601,-7.962974200279903e-05
295.1209226666365,40.63519686377593,-8.148280958921292e-05
301.9951720401995,40.63519686370847,-8.337908022570981e-05
309.0295432513569,40.63519686364351,-8.531955935433554e-05
316.2277660168357,40.63519686358088,-8.730527585611623e-05
323.593656929626,40.63519686352051,-8.933728259664761e-05
331.1311214825888,40.6351968634622,-9.14166569843964e-05
338.8441561392002,40.63519686340587,-9.35445015420119e-05
346.7368504525292,40.63519686335139,-9.572194449094903e-05
354.8133892335729,40.63519686329865,-9.795014034971398e-05
363.0780547700987,40.63519686324752,-0.00010023027054605
371.5352290971698,40.63519686319794,-0.0001025635440433876
380.1893963205584,40.63519686314975,-0.0001049511979818918
389.0451449942777,40.63519686310286,-0.0001073944983344466
398.1071705534943,40.6351968630572,-0.0001098947405779249
407.3802778041097,40.63519686301267,-0.0001124532503800986
416.8693834703323,40.63519686296915,-0.0001150713843025546
426.5795188015895,40.63519686292655,-0.0001177505305199904
436.5158322401627,40.6351968628848,-0.0001204921095562673
446.6835921509598,40.6351968628438,-0.000123297575037616
457.0881896148716,40.63519686280346,-0.00012616841446339
467.7351412871947,40.63519686276371,-0.0001291061499947791
478.6300923226348,40.63519686272444,-0.0001321123392618993
489.7788193684425,40.63519686268559,-0.000135188576189686
501.1872336272685,40.63519686264706,-0.0001383364918430323
512.861383991361,40.63519686260879,-0.0001415577552916169
524.8074602497686,40.63519686257069,-0.0001448540744948813
537.0317963702487,40.63519686248534,-0.0001482271972073461
549.5408738576203,40.63519686244734,-0.0001516789119064237
562.3413251903447,40.63519686240924,-0.0001552110487390379
575.4399373371524,40.635196862371,-0.0001588254804931089
588.8436553555844,40.63519686233252,-0.0001625241235902651
602.559586074353,40.63519686229375,-0.000166308939101966
616.5950018614773,40.63519686225452,-0.0001701819337892967
630.9573444801882,40.63519686221485,-0.0001741451611669886
645.6542290346504,40.63519686215091,-0.0001782007225920583
660.6934480075907,40.63519686211001,-0.000182350768378655
676.0829753919763,40.63519686206838,-0.0001865974989371897
691.8309709189309,40.6351968620259,-0.0001909431659416932
707.9457843841321,40.63519686198251,-0.0001953900735235245
724.4359600749841,40.63519686193813,-0.0001999405794930571
741.3102413009113,40.63519686186896,-0.0002045970965896326
758.5775750291774,40.63519686182225,-0.0002093620937616038
776.2471166286851,40.63519686177425,-0.0002142380974742575
794.3282347242747,40.63519686172484,-0.0002192276930501466
812.8305161640923,40.63519686167393,-0.0002243335260396778
831.7637711026639,40.63519686159773,-0.0002295583036236021
851.1380382023692,40.63519686154348,-0.000234904796049268
870.9635899560732,40.63519686148741,-0.0002403758380981552
891.2509381337379,40.63519686142937,-0.0002459743305897725
912.0108393559019,40.63519686134555,-0.0002517032419192611
933.254300796983,40.63519686128323,-0.0002575656096322305
954.9925860214277,40.63519686121854,-0.0002635645420338903
977.2372209558022,40.63519686112771,-0.0002697032198378015
999.9999999999912,40.63519686105792,-0.0002759848978531173
1023.292992280745,40.63519686098535,-0.0002824129067088125
1047.12854805089,40.6351968608862,-0.0002889906546203598
1071.519305237597,40.63519686080766,-0.000295721629197652
1096.478196143175,40.63519686072583,-0.0003026093992925556
1122.018454301953,40.6351968606406,-0.0003096576168922428
1148.153621496872,40.63519686055176,-0.0003168700190552555
1174.897554939519,40.63519686043546,-0.0003242504298926388
1202.264434617402,40.63519686033882,-0.0003318027625967581
1230.26877081237,40.63519686019069,-0.00033953102151366
1258.925411794156,40.63519686008546,-0.0003474393042699983
1288.249551693122,40.63519685997557,-0.0003555318039415341
1318.256738556395,40.63519685986087,-0.0003638128112788913
1348.962882591641,40.6351968596937,-0.0003722867169812338
1380.384264602872,40.63519685954483,-0.0003809580140267204
1412.537544622741,40.635196859414,-0.0003898313000519926
1445.439770745914,40.6351968592536,-0.0003989112797901559
1479.108388168193,40.63519685908701,-0.0004082027675671414
1513.561248436194,40.63519685891394,-0.0004177106898528704
1548.816618912467,40.63519685875768,-0.0004274400878741025
1584.893192461099,40.63519685857063,-0.0004373961202857503
1621.810097358915,40.63519685837609,-0.000447584065908469
1659.586907437545,40.63519685817367,-0.0004580093265259641
1698.243652461728,40.63519685796304,-0.0004686774297494867
1737.800828749359,40.63519685774376,-0.0004795940319486453
1778.279410038906,40.63519685753911,-0.0004907649212509535
1819.700858609966,40.63519685730132,-0.0005021960206089231
1862.087136662849,40.63519685702992,-0.0005138933909427617
1905.460717963228,40.6351968567481,-0.0005258632343535659
1949.844599758026,40.63519685647907,-0.0005381118974113041
1995.26231496886,40.63519685619858,-0.0005506458745188099
2041.737944669509,40.63519685588245,-0.0005634718113561525
2089.296130854019,40.63519685557746,-0.0005765965084058985
2137.962089502211,40.63519685523566,-0.0005900269245550931
2187.761623949531,40.63519685490376,-0.000603770180789277
2238.721138568317,40.63519685455745,-0.0006178335639642887
2290.86765276775,40.6351968541487,-0.0006322245306708522
2344.228815319898,40.63519685379513,-0.0006469507111929927
2398.832919019466,40.63519685337766,-0.00066201991354354
2454.708915685005,40.63519685291917,-0.0006774401276136021
2511.886431509554,40.63519685244248,-0.000693219529405396
2570.395782768837,40.63519685197043,-0.0007093664853672807
2630.267991895354,40.63519685150215,-0.0007258895568290716
2691.534803926887,40.63519685096561,-0.0007427975045398851
2754.228703338138,40.63519685043088,-0.0007600992933194444
2818.382931264424,40.63519684982591,-0.0007778040968029902
2884.031503126575,40.63519684922063,-0.0007959213023138117
2951.209226666354,40.63519684861389,-0.0008144605158340979
3019.951720401984,40.63519684795721,-0.0008334315670986875
3090.295432513557,40.63519684724931,-0.0008528445148099756
3162.277660168345,40.63519684653622,-0.0008727096519713486
3235.936569296248,40.63519684576922,-0.0008930375113397844
3311.311214825875,40.63519684501799,-0.0009138388710178738
3388.441561391989,40.63519684416259,-0.0009351247601574783
3467.368504525279,40.63519684329614,-0.000956906464822145
3548.133892335716,40.63519684241707,-0.0009791955339599862
3630.780547700973,40.63519684142894,-0.00100200378552667
3715.352290971684,40.63519684042463,-0.001025343312762679
3801.89396320557,40.63519683942597,-0.001049226490595249
3890.451449942763,40.63519683828891,-0.00107366598219532
3981.071705534928,40.63519683715348,-0.001098674745710686
4073.802778041082,40.6351968359938,-0.001124266041117743
4168.693834703307,40.63519683471297,-0.001150453437255633
4265.795188015879,40.63519683340326,-0.001177250819032509
4365.15832240161,40.63519683201488,-0.001204672394772532
4466.835921509581,40.63519683056892,-0.001232732703759045
4570.881896148699,40.63519682906261,-0.00126144662393911
4677.351412871929,40.6351968274932,-0.001290829379813084
4786.300923226329,40.63519682583397,-0.001320896550505596
4897.788193684407,40.63519682410547,-0.0013516640780295
5011.872336272666,40.63519682230446,-0.001383148275734902
5128.61383991359,40.63519682042751,-0.001415365836959907
5248.074602497666,40.63519681842373,-0.001448333843878901
5370.317963702466,40.63519681633668,-0.001482069776567856
5495.408738576182,40.63519681416244,-0.001516591522264505
5623.413251903426,40.63519681189689,-0.00155191738485502
5754.399373371502,40.63519680948841,-0.001588066094575959
5888.436553555821,40.63519680697983,-0.001625056817954174
6025.595860743507,40.63519680436644,-0.001662909167960405
6165.950018614749,40.63519680164327,-0.001701643214411197
6309.573444801857,40.63519679875781,-0.001741279494606897
6456.542290346478,40.63519679575199,-0.001781839024230532
6606.934480075881,40.63519679262016,-0.001823343308481018
6760.829753919737,40.63519678930903,-0.001865814353475094
6918.309709189281,40.63519678585967,-0.001909274677925715
7079.457843841294,40.63519678224198,-0.001953747325069621
7244.359600749813,40.63519677847275,-0.001999255874894017
7413.102413009085,40.63519677449751,-0.002045824456629719
7585.775750291745,40.63519677033245,-0.002093477761556034
7762.471166286822,40.63519676601712,-0.002142241056089007
7943.282347242717,40.63519676144857,-0.002192140195163703
8128.305161640892,40.6351967566893,-0.00224320163596905
8317.637711026608,40.63519675170656,-0.002295452451953535
8511.380382023659,40.63519674646735,-0.002348920347187831
8709.635899560699,40.6351967410091,-0.002403633671060674
8912.509381337344,40.63519673529785,-0.002459621433296878
9120.108393558983,40.63519672929911,-0.002516913319345035
9332.543007969793,40.63519672302522,-0.002575539706121994
9549.925860214238,40.63519671641701,-0.002635531678107163
9772.372209557981,40.63519670953306,-0.002696921043843495
9999.999999999871,40.63519670233671,-0.00275974035278071
10232.92992280741,40.63519669476701,-0.002824022912540283
10471.28548050886,40.63519668688075,-0.00288980280659169
10715.19305237592,40.63519667859193,-0.002957114912294633
10964.78196143171,40.63519666990868,-0.003025994919418242
11220.18454301949,40.63519666083826,-0.003096479349053794
11481.53621496868,40.6351966513162,-0.003168605572969674
11748.97554939514,40.63519664134827,-0.003242411833443779
12022.64434617397,40.63519663091564,-0.003317937263528511
12302.68770812365,40.63519662002231,-0.003395221907805731
12589.25411794151,40.6351966086004,-0.003474306743606098
12882.49551693117,40.6351965966283,-0.003555233702751489
13182.5673855639,40.63519658408343,-0.003638045693781648
13489.62882591636,40.63519657094213,-0.00372278662470483
13803.84264602866,40.63519655722703,-0.003809501426285622
14125.37544622735,40.63519654284114,-0.003898236075842761
14454.39770745908,40.63519652780466,-0.003989037621662606
14791.08388168187,40.63519651199451,-0.004081954207904308
15135.61248436188,40.63519649547555,-0.00417703510017922
15488.1661891246,40.635196478193,-0.004274330711623081
15848.93192461092,40.63519646006681,-0.004373892629639997
16218.10097358908,40.63519644111018,-0.004475773643275445
16595.86907437538,40.63519642123996,-0.004580027771172878
16982.43652461721,40.63519640044238,-0.004686710290244213
17378.00828749351,40.63519637865449,-0.004795877764957101
17782.79410038898,40.63519635583518,-0.004907588077339035
18197.00858609958,40.63519633196513,-0.005021900457667629
18620.87136662842,40.63519630695194,-0.005138875515856316
19054.60717963221,40.63519628077205,-0.005258575273618682
19498.44599758018,40.63519625332876,-0.00538106319732425
19952.62314968852,40.63519622466501,-0.005506404231694307
20417.37944669501,40.63519619460827,-0.005634664834159885
20892.9613085401,40.63519616310182,-0.0057659130101693
21379.62089502202,40.63519613013359,-0.005900218349231746
21877.61623949522,40.63519609561771,-0.006037652061787138
22387.21138568308,40.63519605946539,-0.006178287016978395
22908.6765276774,40.63519602165579,-0.006322197781305444
23442.28815319889,40.63519598199912,-0.006469460658102004
23988.32919019456,40.63519594051527,-0.006620153728087967
24547.08915684995,40.63519589703131,-0.006774356890665963
25118.86431509544,40.6351958515362,-0.00693215190637765
25703.95782768826,40.63519580389676,-0.007093622440178622
26302.67991895344,40.63519575397576,-0.007258854105829122
26915.34803926876,40.63519570177372,-0.007427934511329569
27542.28703338126,40.63519564700271,-0.007600953305246503
28183.82931264412,40.63519558972522,-0.007778002224434355
28840.31503126564,40.6351955296911,-0.007959175142476673
29512.09226666342,40.63519546690556,-0.008144568119633072
30199.51720401971,40.63519540113173,-0.008334279453615132
30902.95432513544,40.63519533229282,-0.008528409731833343
31622.77660168332,40.6351952601642,-0.008727061884628457
32359.36569296234,40.63519518465717,-0.008930341239942109
33113.11214825861,40.63519510558187,-0.00913835557908188
33884.41561391974,40.63519502276543,-0.009351215193908427
34673.68504525264,40.63519493607532,-0.009569032945323321
35481.33892335701,40.63519484527689,-0.009791924323055414
36307.80547700958,40.63519475019883,-0.01002000750695675
37153.52290971669,40.63519465063812,-0.01025340342962703
38018.93963205554,40.63519454640693,-0.01049223584055192
38904.51449942747,40.63519443726119,-0.01073663137168668
39810.71705534912,40.63519432294763,-0.01098671960461613
40738.02778041065,40.63519420327426,-0.01124263313929172
41686.9383470329,40.63519407796791,-0.01150450766427535
42657.95188015862,40.63519394672107,-0.01177248202870113
43651.58322401593,40.63519380930986,-0.01204669831595007
44668.35921509562,40.63519366540393,-0.01232730191889533
45708.8189614868,40.63519351469205,-0.01261444161704907
46773.51412871909,40.63519335692207,-0.01290826965546871
47863.00923226309,40.63519319173286,-0.01320894182539445
48977.88193684386,40.6351930187417,-0.01351661754689231
50118.72336272644,40.63519283757483,-0.01383145995339648
51286.13839913568,40.63519264791409,-0.01415363597823177
52480.74602497643,40.63519244920379,-0.0144833164429577
53703.17963702443,40.63519224125172,-0.0148206761482808
54954.08738576159,40.63519202344398,-0.01516589396628481
56234.13251903402,40.63519179539328,-0.01551915293564456
57543.99373371479,40.63519155659829,-0.01588064035847479
58884.36553555797,40.63519130652901,-0.01625054789968788
60255.95860743483,40.63519104463579,-0.01662907168862042
61659.50018614724,40.63519077043986,-0.01701641242308461
63095.73444801832,40.63519048335282,-0.01741277547566022
64565.42290346453,40.63519018269088,-0.01781837100258754
66069.34480075855,40.63518986793424,-0.01823341405537666
67608.2975391971,40.63518953825977,-0.01865812469449534
69183.09709189254,40.63518919304546,-0.01909272810640779
70794.57843841266,40.6351888316409,-0.0195374547228091
72443.59600749785,40.63518845311891,-0.01999254034260307
74131.02413009056,40.63518805678906,-0.02045822625732067
75857.75750291716,40.63518764181651,-0.02093475937875882
77624.71166286792,40.63518720718998,-0.0214223923698552
79432.82347242687,40.6351867521994,-0.02192138377905595
81283.05161640861,40.63518627571065,-0.02243199817677974
83176.37711026576,40.63518577678494,-0.02295450629622341
85113.80382023628,40.63518525433886,-0.02348918517660864
87096.35899560666,40.63518470725224,-0.02403631831016052
89125.09381337311,40.63518413440661,-0.0245961957924526
91201.0839355895,40.63518353452323,-0.02516911447605735
93325.43007969759,40.63518290640782,-0.02575537812817459
95499.25860214204,40.63518224862999,-0.02635529759136584
97723.72209557948,40.63518155990991,-0.02696919094875552
99999.99999999837,40.63518083870286,-0.02759738369224374
102329.2992280737,40.63518008353825,-0.02824020889543574
104712.8548050882,40.63517929280944,-0.02889800739000948
107151.9305237589,40.63517846469217,-0.02957112794631513
109647.8196143167,40.63517759768077,-0.03025992745891662
112201.8454301945,40.63517668976812,-0.03096477113485166
114815.3621496864,40.63517573904335,-0.03168603268795715
117489.755493951,40.63517474349201,-0.03242409453677092
120226.4434617393,40.63517370108614,-0.03317934800740069
123026.8770812361,40.63517260954271,-0.03395219354068098
125892.5411794146,40.63517146647077,-0.03474304090465753
128824.9551693113,40.63517026959615,-0.03555230941215449
131825.6738556385,40.63516901633601,-0.03638042814250118
134896.2882591631,40.63516770397145,-0.03722783616924083
138038.4264602862,40.63516632977358,-0.03809498279310464
141253.7544622731,40.63516489081053,-0.03898232777993377
144543.9770745904,40.63516338406637,-0.03989034160460956
147910.8388168183,40.63516180627371,-0.04081950570021507
151356.1248436183,40.63516015409122,-0.04177031271355213
154881.6618912456,40.63515842407117,-0.04274326676627691
158489.3192461087,40.63515661254607,-0.04373888372197698
162181.0097358903,40.6351547156254,-0.04475769145963832
165958.6907437533,40.63515272926421,-0.04580023015361762
169824.3652461716,40.63515064929631,-0.04686705256007999
173780.0828749346,40.63514847136446,-0.04795872430991874
177827.9410038893,40.63514619074983,-0.04907582420828877
181970.0858609953,40.63514380267767,-0.05021894454202738
186208.7136662836,40.63514130204196,-0.05138869139311925
190546.0717963215,40.63513868358014,-0.05258568496034002
194984.4599758012,40.63513594170495,-0.0538105598876961
199526.2314968846,40.63513307058707,-0.05506396560102834
204173.7944669495,40.63513006410012,-0.05634656665216051
208929.6130854004,40.63512691601193,-0.05765904307162377
213796.2089502196,40.63512361960076,-0.05900209072828752
218776.1623949515,40.63512016771617,-0.06037642169833587
223872.1138568301,40.63511655322986,-0.06178276464382068
229086.7652767734,40.63511276843865,-0.0632218651975061
234422.8815319882,40.63510880511926,-0.06469448635819598
239883.2919019449,40.63510465512447,-0.06620140889671222
245470.8915684988,40.6351003095429,-0.06774343176762213
251188.6431509537,40.63509575914149,-0.06932137253385171
257039.5782768819,40.63509099431771,-0.07093606779993435
263026.7991895336,40.6350860048573,-0.07258837365477505
269153.4803926869,40.63508078032092,-0.07427916612651041
275422.8703338119,40.63507530961349,-0.07600934164560977
281838.2931264405,40.63506958096727,-0.07777981751990819
288403.1503126556,40.6350635823911,-0.07959153242216746
295120.9226666334,40.63505730105974,-0.08144544688571327
301995.1720401964,40.63505072382091,-0.08334254381511109
309029.5432513537,40.6350438365284,-0.08528382900492705
316227.7660168324,40.63503662462443,-0.08727033167467067
323593.6569296226,40.6350290728222,-0.08930310501320829
331131.1214825853,40.63502116524943,-0.09138322673741965
338844.1561391967,40.6350128848915,-0.09351179966131132
346736.8504525256,40.63500421431465,-0.0956899522830202
354813.3892335693,40.63499513513847,-0.09791883938093944
363078.054770095,40.63498562799084,-0.1001996426254025
371535.229097166,40.63497567291643,-0.1025335712064553
380189.3963205545,40.63496524864622,-0.1049218624716703
389045.1449942738,40.63495433304123,-0.1073657825835006
398107.1705534903,40.63494290303146,-0.1098666271899317
407380.2778041056,40.63493093435976,-0.1124257221098667
416869.3834703281,40.63491840158882,-0.115044424035531
426579.5188015852,40.63490527819934,-0.1177241212516833
436515.8322401583,40.63489153636328,-0.1204662343700457
446683.5921509552,40.6348771468633,-0.123272217081451
457088.1896148669,40.63486207921982,-0.1261435569264995
467735.1412871899,40.63484630147079,-0.1290817760824341
478630.0923226299,40.63482978021059,-0.132088432169594
489778.8193684375,40.63481248026717,-0.135165119074706
501187.2336272634,40.63479436503346,-0.138313467796764
512861.3839913558,40.63477539606902,-0.1415351473086983
524807.4602497633,40.63475553311331,-0.144831865441212
537031.7963702432,40.6347347340898,-0.1482053697871833
549540.8738576148,40.63471295489813,-0.1516574486258115
562341.3251903391,40.63469014924718,-0.1551899318684196
575439.9373371467,40.63466626887232,-0.1588046920285763
588843.6553555785,40.63464126298245,-0.1625036452099765
602559.586074347,40.63461507863131,-0.1662887521230504
616595.0018614712,40.63458766039241,-0.1701620191207733
630957.344480182,40.63455894988402,-0.1741254992573263
645654.2290346441,40.63452888640773,-0.1781812933789294
660693.4480075843,40.63449740611155,-0.1823315512298466
676082.9753919698,40.63446444218672,-0.186578472591155
691830.9709189242,40.63442992485501,-0.1909243084445787
707945.7843841253,40.63439378070851,-0.1953713621583772
724435.9600749771,40.63435593329019,-0.19992199071013
741310.2413009043,40.6343163021867,-0.2045786059263708
758577.5750291703,40.63427480344755,-0.2093436757613259
776247.1166286779,40.63423134898136,-0.2142197255970599
794328.2347242674,40.63418584665497,-0.219209339579436
812830.5161640848,40.63413819992801,-0.2243151619811186
831763.7711026561,40.63408830779416,-0.2295398985987486
851138.0382023612,40.63403606441572,-0.2348863181796527
870963.5899560649,40.63398135901272,-0.2403572538838603
891250.9381337294,40.63392407554594,-0.2459556047779604
912010.8393558932,40.63386409249969,-0.2516843373643724
933254.3007969741,40.63380128271957,-0.2575464871465398
954992.5860214186,40.63373551297228,-0.2635451602273843
977237.2209557928,40.63366664381034,-0.2696835349477444
999999.9999999817,40.63359452911713,-0.2759648635592332
1023292.992280735,40.63351901598113,-0.2823924739391159
1047128.54805088,40.63343994427247,-0.2889697713415487
1071519.305237587,40.63335714626832,-0.2957002401895044
1096478.196143165,40.63327044643732,-0.3025874459098359
1122018.454301943,40.63317966095055,-0.3096350368073243
1148153.621496861,40.63308459712955,-0.3168467459808228
1174897.554939508,40.63298505340817,-0.3242263932898169
1202264.43461739,40.63288081892109,-0.3317778873617039
1230268.770812358,40.63277167240974,-0.3395052276358601
1258925.411794143,40.632657382525,-0.3474125064729445
1288249.55169311,40.63253770679173,-0.3555039112946636
1318256.738556382,40.63241239161103,-0.3637837267867101
1348962.882591628,40.6322811711069,-0.3722563371357151
1380384.264602859,40.63214376711231,-0.3809262283335496
1412537.544622727,40.63199988835013,-0.3897979905226217
1445439.7707459,40.63184922960698,-0.398876320394096
1479108.388168179,40.63169147148577,-0.4081660236497409
1513561.248436179,40.63152627958162,-0.4176720175108872
1548816.618912452,40.63135330350038,-0.4273993332814222
1584893.192461083,40.63117217666652,-0.437353118982108
1621810.097358899,40.63098251490294,-0.4475386420238222
1659586.907437529,40.63078391627018,-0.4579612919629029
1698243.652461712,40.63057595955969,-0.4686265832949815
1737800.828749342,40.63035820407,-0.4795401583349435
1778279.410038889,40.63013018811265,-0.4907077901383979
1819700.858609949,40.62989142822961,-0.5021353855017568
1862087.136662832,40.62964141841544,-0.5138289880302693
1905460.717963211,40.62937962864282,-0.5257947812607031
1949844.599758008,40.6291055040336,-0.5380390918667701
1995262.314968841,40.62881846356915,-0.5505683929266773
2041737.94466949,40.62851789868888,-0.563389307260638
2089296.130853999,40.62820317263904,-0.5765086108593644
2137962.089502191,40.62787361811802,-0.589933236350109
2187761.62394951,40.62752853679972,-0.6036702765819262
2238721.138568296,40.62716719745134,-0.6177269882578824
2290867.652767729,40.62678883419404,-0.6321107956496529
2344228.815319877,40.62639264527452,-0.6468292944061758
2398832.919019444,40.62597779135044,-0.6618902554339461
2454708.915684983,40.62554339324915,-0.6773016288475465
2511886.431509531,40.62508853059818,-0.6930715480286528
2570395.782768813,40.62461223983341,-0.7092083337568569
2630267.99189533,40.62411351174597,-0.7257204984159666
2691534.803926863,40.62359128995637,-0.7426167503168773
2754228.703338112,40.62304446826102,-0.7599059980805445
2818382.931264398,40.62247188834393,-0.7775973551243734
2884031.503126549,40.62187233751746,-0.795700144244587
2951209.226666328,40.62124454610031,-0.8142239022841956
3019951.720401957,40.62058718447776,-0.8331783848880533
3090295.432513529,40.61989886082508,-0.8525735713787167
3162277.660168317,40.61917811771318,-0.8724196696964754
3235936.569296218,40.61842342912056,-0.8927271214538768
3311311.214825845,40.61763319741107,-0.9135066070928457
3388441.561391958,40.61680574979776,-0.9347690511281599
3467368.504525247,40.61593933499769,-0.9565256275034462
3548133.892335684,40.61503211926352,-0.9787877650305986
3630780.547700941,40.61408218289937,-1.001567152955462
3715352.290971651,40.61308751582468,-1.024875746595633
3801893.963205536,40.61204601366331,-1.048725773108166
3890451.449942728,40.6109554732387,-1.073129737344686
3981071.705534893,40.60981358798096,-1.098100427813788
4073802.778041046,40.60861794272145,-1.123650922728537
4168693.83470327,40.60736600950051,-1.149794596211157
4265795.188015841,40.60605514119649,-1.176545124513906
4365158.322401572,40.60468256691377,-1.203916492431347
4466835.921509542,40.60324538538328,-1.231922999734169
4570881.896148658,40.60174055951442,-1.260579267769205
4677351.412871888,40.60016490999663,-1.289900246127635
4786300.923226287,40.59851510816654,-1.319901219386649
4897788.193684363,40.59678766964031,-1.350597814000645
5011872.336272622,40.59497894658013,-1.382006005231786
5128613.839913545,40.59308512040687,-1.414142124211709
5248074.60249762,40.5911021938355,-1.447022865074033
5370317.963702418,40.58902598246493,-1.480665292166236
5495408.738576134,40.58685210596357,-1.515086847339596
5623413.251903377,40.58457597927309,-1.550305357339993
5754399.373371452,40.58219280290943,-1.586339041241368
5888436.55355577,40.57969755300457,-1.623206517954742
6025595.860743455,40.57708497099528,-1.660926813803441
6165950.018614695,40.57434955287005,-1.699519370154005
6309573.444801803,40.57148553748892,-1.739004051063852
6456542.290346422,40.56848689493627,-1.77940115100225
6606934.480075824,40.56534731414794,-1.820731402588084
6760829.753919679,40.56206018979297,-1.86301598433271
6918309.709189222,40.55861860884781,-1.90627652841029
7079457.843841233,40.55501533635405,-1.950535128408923
7244359.600749752,40.55124280062795,-1.995814347070587
7413102.413009022,40.54729307794533,-2.042137224011199
7585775.750291681,40.54315787596005,-2.08952728334706
7762471.166286756,40.53882851730354,-2.13800854132984
7943282.34724265,40.53429592202194,-2.187605513868723
8128305.161640823,40.52955058870842,-2.238343223904312
8317637.711026536,40.52458257562955,-2.290247208727631
8511380.382023586,40.51938148065268,-2.34334352712309
8709635.899560623,40.513936420062,-2.397658766317121
8912509.381337266,40.50823600728545,-2.45322004880553
9120108.393558905,40.50226832951832,-2.510055038843585
9332543.007969713,40.49602092419217,-2.568191948753778
9549925.860214157,40.48948075425938,-2.627659544925481
9772372.2095579,40.4826341822069,-2.688487153461952
9999999.999999788,40.47546694309892,-2.750704665469104
10232929.92280732,40.46796411670393,-2.814342541956318
10471285.48050877,40.46011009789127,-2.879431818218032
10715193.05237583,40.45188856611314,-2.946004107738426
10964781.96143162,40.44328245406106,-3.014091605588241
11220184.54301939,40.43427391397451,-3.083727091081569
11481536.21496858,40.42484428353226,-3.154943929863142
11748975.54939504,40.41497405006157,-3.227776075220032
12022644.34617387,40.40464281280423,-3.30225806851472
12302687.70812355,40.39382924442562,-3.378425038821191
12589254.1179414,40.38251105056459,-3.456312701538928
12882495.51693106,40.37066492805989,-3.535957355988081
13182567.38556379,40.35826652074817,-3.617395881744831
13489628.82591625,40.34529037491991,-3.700665733920614
13803842.64602855,40.33170989195976,-3.785804936940106
14125375.44622724,40.31749727933175,-3.87285207687098
14454397.70745896,40.30262350060647,-3.961846292306903
14791083.88168175,40.28705822243431,-4.052827263363638
15135612.48436175,40.27076976037687,-4.145835198951347
15488166.18912448,40.25372502265085,-4.240910822042999
15848931.92461079,40.23588945204958,-4.338095352837948
16218100.97358895,40.21722696528193,-4.437430489532059
16595869.07437524,40.19769989126171,-4.538958386795064
16982436.52461707,40.17726890622173,-4.642721631407047
17378008.28749337,40.15589296780914,-4.74876321524899
17782794.10038884,40.13352924636817,-4.857126505125014
18197008.58609944,40.1101330546362,-4.967855209429659
18620871.36662827,40.08565777496057,-5.080993341264302
19054607.17963205,40.06005478500469,-5.196585177956726
19498445.99758003,40.03327338061317,-5.314675216457528
19952623.14968836,40.00526069740365,-5.435308124665111
20417379.44669485,39.97596163056024,-5.558528688299166
20892961.30853994,39.94531875182273,-5.684381752791691
21379620.89502185,39.91327222533608,-5.812912160237873
21877616.23949505,39.87975972169009,-5.944164680931165
22387211.3856829,39.84471633068173,-6.078183939253192
22908676.52767723,39.80807447162294,-6.215014333254708
23442288.1531987,39.76976380354331,-6.354699948106401
23988329.19019438,39.72971113325784,-6.497284462505197
24547089.15684976,39.68784032361633,-6.642811048192743
25118864.31509525,39.64407219969221,-6.791322261541178
25703957.82768807,39.59832445579992,-6.942859927494017
26302679.91895324,39.55051156174446,-7.097465014941473
26915348.03926856,39.50054466954074,-7.255177503345499
27542287.03338105,39.44833152052762,-7.416036240049777
28183829.31264391,39.39377635399838,-7.580078788045885
28840315.03126542,39.33677981680119,-7.747341263444386
29512092.2666632,39.27723887534312,-7.91785816248102
30199517.20401949,39.215046730082,-8.091662177464952
30902954.32513522,39.15009273336269,-8.268784001300226
31622776.60168309,39.08226231120456,-8.449252120124564
32359365.6929621,39.01143688950211,-8.633092593535935
33113112.14825837,38.93749382626663,-8.820328822289932
33884415.6139195,38.86030634998829,-9.010981302805169
34673685.04525239,38.77974350542068,-9.205067368235403
35481338.92335676,38.69567010770916,-9.402600915742939
36307805.47700933,38.60794670659588,-9.603592119943109
37153522.90971643,38.51642956065242,-9.808047131792549
38018939.63205528,38.42097062439834,-10.01596776338788
38904514.49942719,38.32141754818531,-10.22735115796097
39810717.05534884,38.21761369340084,-10.44218944550297
40738027.78041036,38.10939816421212,-10.66046938396107
41686938.34703261,37.99660585706405,-10.88217198598093
42657951.88015831,37.87906753054882,-11.10727213189816
43651583.22401562,37.75660989640794,-11.3357381689082
44668359.21509531,37.62905573449272,-11.56753149742497
45708818.96148648,37.49622403307684,-11.80260614508469
46773514.12871877,37.3579301565704,-12.04090832929324
47863009.23226276,37.21398604329354,-12.28237600972143
48977881.93684352,37.06420043418402,-12.52693843136846
50118723.36272611,36.90837913625897,-12.77451566062595
51286138.39913534,36.74632532170681,-13.02501811541045
52480746.02497608,36.57783986497422,-13.27834609147057
53703179.63702407,36.40272172064007,-13.53438928756621
54954087.38576122,36.22076834355918,-13.79302633175952
56234132.51903364,36.03177615296611,-14.0541243114778
57543993.73371439,35.83554104385977,-14.31753831149596
58884365.53555757,35.63185894543603,-14.58311096206612
60255958.60743441,35.42052642983059,-14.8506720021838
61659500.18614683,35.20134137134698,-15.12003786139656
63095734.4480179,34.97410365806286,-15.39101126526609
64565422.90346409,34.7386159559418,-15.66338086889628
66069344.80075811,34.49468452612887,-15.9369209239149
67608297.53919666,34.24212009542735,-16.21139098442366
69183097.09189209,33.98073877933945,-16.48653565759991
70794578.4384122,33.71036305647839,-16.76208440481103
72443596.00749739,33.43082279314176,-17.0377513998187
74131024.13009009,33.1419563156435,-17.31323545035741
75857757.50291668,32.84361152667326,-17.5882199888113
77624711.66286743,32.53564706379844,-17.86237314023958
79432823.47242635,32.21793349352124,-18.13534787221528
81283051.61640808,31.89035453733865,-18.40678223455317
83176377.11026521,31.55280832251438,-18.67629969392827
85113803.82023571,31.2052086514731,-18.94350957022747
87096358.99560608,30.84748628096555,-19.20800757898479
89125093.81337252,30.47959020350962,-19.46937648626487
91201083.9355889,30.10148891998487,-19.72718687843323
93325430.07969697,29.71317169444766,-19.9809980520694
95499258.60214141,29.31464977902433,-20.23035902541978
97723722.09557883,28.90595759722803,-20.4748096731277
99999999.99999771,28.48715387346783,-20.71388198493574
102329299.2280731,28.05832269543201,-20.94710144691078
104712854.8050875,27.61957449629705,-21.1739885432415
107151930.5237582,27.17104694300182,-21.39406037439561
109647819.614316,26.71290571727854,-21.60683238661959
112201845.4301937,26.24534517576453,-21.81182020525958
114815362.1496856,25.76858887635368,-22.00854156347201
117489755.4939502,25.28288995840398,-22.19651831609025
120226443.4617385,24.78853136484736,-22.37527852594143
123026877.0812353,24.28582589592522,-22.54435860955413
125892541.1794138,23.77511608507677,-22.70330552677764
128824955.1693104,23.25677388926049,-22.85167899798464
131825673.8556376,22.73120018738026,-22.98905373047299
134896288.2591622,22.19882408291959,-23.11502163600537
138038426.4602852,21.66010200833394,-23.22919401887822
141253754.4622721,21.11551663163841,-23.33120371522104
144543977.0745893,20.56557556731975,-23.42070716197868
147910838.8168172,20.01080989677181,-23.49738637622906
151356124.8436172,19.45177250515811,-23.56095082308298
154881661.8912444,18.8890362448522,-23.61113915429693
158489319.2461076,18.32319193721831,-23.64772079760571
162181009.7358891,17.75484622729805,-23.67049738045656
165958690.7437521,17.18461930774204,-23.6793039719906
169824365.2461704,16.61314253034916,-23.67401012949491
173780082.8749334,16.04105592521812,-23.65452073778713
177827941.003888,15.46900564885699,-23.62077663242798
181970085.860994,14.89764138361759,-23.57275499967033
186208713.6662823,14.32761371157403,-23.51046954908215
190546071.7963202,13.75957148630133,-23.43397045775607
194984459.9757999,13.19415922599312,-23.34334408716512
199526231.4968832,12.63201455097708,-23.23871247714723
204173794.466948,12.07376568793545,-23.1202326237739
208929613.0853989,11.52002906213182,-22.98809555000964
213796208.9502181,10.97140699745859,-22.84252518145161
218776162.39495,10.42848554252368,-22.68377704058095
223872113.8568285,9.891832439040533,-22.51213677534259
229086765.2767718,9.361995246671947,-22.32791853928201
234422881.5319865,8.839499636233441,-22.13146324167312
239883291.9019432,8.324847860634174,-21.92313668754
245470891.5684971,7.818517410793167,-21.70332762688516
251188643.1509519,7.320959860836679,-21.4724457345326
257039578.2768801,6.83259990492009,-21.23091954019349
263026799.1895318,6.353834585382272,-20.97919432908745
269153480.392685,5.885032709732922,-20.71773003266292
275422870.3338099,5.426534451979753,-20.44699912779726
281838293.1264385,4.978651131763814,-20.16748456210921
288403150.3126535,4.54166516320546,-19.87967772135411
295120922.6666313,4.115830163709105,-19.58407645381524
301995172.0401942,3.701371211839094,-19.28118316470279
309029543.2513515,3.298485242253948,-18.97150299214053
316227766.0168301,2.907341565063594,-18.65554207427411
323593656.9296203,2.528082496241443,-18.33380591564934
331131121.4825829,2.16082408548677,-18.00679785908501
338844156.1391942,1.805656927846985,-17.67501766753769
346736850.4525231,1.462647045540765,-17.33896021878301
354813389.2335666,1.13183682653647,-16.99911431440709
363078054.7700923,0.8132460070847894,-16.65596160284703
371535229.0971633,0.5068726858750269,-16.30997561505598
380189396.3205517,0.2126943583095758,-15.9616209100121
389045144.9942709,-0.06933104004913808,-15.61135232649636
398107170.5534873,-0.3392640904791568,-15.25961433614067
407380277.8041025,-0.5971828576016435,-14.90684049240226
416869383.4703249,-0.8431818731990207,-14.55345296919257
426579518.8015819,-1.077371144280598,-14.19986218252922
436515832.240155,-1.299875190985446,-13.84646648792233
446683592.1509519,-1.51083211934539,-13.49365194638866
457088189.6148635,-1.710392732383299,-13.14179215138864
467735141.2871864,-1.898719682449639,-12.79124810934068
478630092.3226262,-2.075986666451568,-12.44236816621795
489778819.3684338,-2.242377664929013,-12.09548797309426
501187233.6272596,-2.398086224882793,-11.75093048364681
512861383.9913518,-2.543314785692085,-11.40900597714798
524807460.2497592,-2.678274046663371,-11.07001210084993
537031796.370239,-2.803182373942598,-10.73423392607774
549540873.8576105,-2.918265244318754,-10.4019440131184
562341325.1903347,-3.023754722700146,-10.07340248041826
575439937.3371422,-3.119888969748979,-9.748857074306631
588843655.3555739,-3.20691177594772,-9.428543236151313
602559586.0743423,-3.285072118009494,-9.112684164454247
616595001.8614663,-3.3546237335705,-8.80149087014431
630957344.4801769,-3.415824710032001,-8.495162223964593
645654229.0346388,-3.468937083414972,-8.193884995492748
660693448.0075788,-3.514226443367538,-7.89783388400491
676082975.3919642,-3.551961540480522,-7.607171541925367
691830970.9189185,-3.582413892627611,-7.322048592232989
707945784.3841195,-3.605857387123221,-7.042603641609743
724435960.0749712,-3.622567876121829,-6.76896329161368
741310241.3008982,-3.632822762992718,-6.501242150488936
758577575.029164,-3.636900578066335,-6.239542848550053
776247116.6286714,-3.63508054253119,-5.983956060267432
794328234.7242607,-3.627642119925894,-5.734560536335328
812830516.1640779,-3.614864555132301,-5.491423149047545
831763771.1026491,-3.597026401511776,-5.254598954289283
851138038.2023541,-3.574405037158135,-5.024131273326054
870963589.9560577,-3.547276171888544,-4.800051797397623
891250938.1337219,-3.515913347080506,-4.582380717858221
912010839.3558856,-3.480587430855059,-4.371126884275636
933254300.7969663,-3.441566111482438,-4.166287992520489
954992586.0214106,-3.399113392211183,-3.967850804443399
977237220.9557847,-3.35348909106469,-3.775791400251028
999999999.9999734,-3.304948349107662,-3.590075464214774
1023292992.280727,-3.253741150999039,-3.410658603805873
1047128548.050872,-3.200111861567355,-3.237486701835007
1071519305.237578,-3.144298782082229,-3.070496300662665
1096478196.143156,-3.0865337297663,-2.909615017052868
1122018454.301933,-3.027041643971397,-2.754761985750582
1148153621.496852,-2.966040222053945,-2.605848329465497
1174897554.939498,-2.903739587777559,-2.462777652530795
1202264434.617381,-2.840341994659992,-2.32544655518409
1230268770.812348,-2.776041566255592,-2.193745165155266
1258925411.794133,-2.711024075017274,-2.067557683001134
1288249551.693099,-2.645466760832214,-1.946762937518544
1318256738.556371,-2.57953818995618,-1.831234947448111
1348962882.591617,-2.513398154566528,-1.720843485680502
1380384264.602847,-2.447197612726446,-1.615454642209861
1412537544.622716,-2.381078668136795,-1.514931382169471
1445439770.745888,-2.315174588623262,-1.419134095449622
1479108388.168167,-2.249609861986822,-1.327921134563106
1513561248.436167,-2.184500287451953,-1.241149337697169
1548816618.912439,-2.119953100723056,-1.158674534116023
1584893192.46107,-2.056067130354028,-1.080352029411124
1621810097.358885,-1.992932982990522,-1.006037068368883
1659586907.437515,-1.93063325483412,-0.935585273590655
1698243652.461697,-1.869242766605801,-0.868853058301392
1737800828.749327,-1.808828819211498,-0.8056980121156232
1778279410.038874,-1.749451467264121,-0.7459792588737798
1819700858.609933,-1.691163807658402,-0.689557785947109
1862087136.662816,-1.634012280424481,-0.6362967447206578
1905460717.963194,-1.578036979161712,-0.5860617222455664
1949844599.757991,-1.523271968466866,-0.5387209843005399
1995262314.968824,-1.469745605897851,-0.4941456903346774
2041737944.669473,-1.417480866155717,-0.4522100809768936
2089296130.853981,-1.366495665325425,-0.4127916389845873
2137962089.502173,-1.31680318320199,-0.3757712246412718
2187761623.949492,-1.26841218188993,-0.3410331867659741
2238721138.568277,-1.22132731905987,-0.3084654505851591
2290867652.767709,-1.175549454420196,-0.2779595838128048
2344228815.319856,-1.131075948150911,-0.2494108423319883
2398832919.019423,-1.087900950218303,-0.2227181969183567
2454708915.684961,-1.046015679663661,-0.1977843424595283
2511886431.50951,-1.005408693120488,-0.1745156911298878
2570395782.768792,-0.9660661419706775,-0.1528223509631861
2630267991.895308,-0.9279720176901139,-0.1326180912471996
2691534803.92684,-0.8911083850753133,-0.1138202961097572
2754228703.338089,-0.855455603154393,-0.09634990763970987
2818382931.264374,-0.8209925337044796,-0.08013135981357655
2884031503.126524,-0.7876967373936912,-0.06509250444302568
2951209226.666302,-0.7555446576524759,-0.05116453029607605
3019951720.40193,-0.7245117924598459,-0.03828187646492986
3090295432.513503,-0.6945728542921453,-0.0263821409943845
3162277660.168289,-0.6657019185427921,-0.01540598569990681
3235936569.29619,-0.6378725607656046,-0.005297038041616992
3311311214.825816,-0.6110579831357049,0.003998209160747026
3388441561.391928,-0.5852311305500337,0.01253049944755258
3467368504.525217,-0.5603647968151599,0.02034791522596528
3548133892.335652,-0.5364317213856749,0.0274959804775522
3630780547.700909,-0.5134046771274958,0.03401776314357033
3715352290.971618,-0.4912565495863547,0.03995397672646861
3801893963.205502,-0.4699604082422477,0.04534308069901793
3890451449.942693,-0.4494895702282466,0.05022137936999058
3981071705.534857,-0.4298176569848392,0.05462311889866257
4073802778.041009,-0.4109186443121999,0.05858058220133803
4168693834.703233,-0.3927669062704675,0.0621241815306563
4265795188.015802,-0.3753372533645216,0.06528254854910862
4365158322.401532,-0.3586049654341767,0.06808262175450841
4466835921.509501,-0.3425458196539694,0.07054973114225341
4570881896.148617,-0.3271361140291726,0.07270768002356688
4677351412.871845,-0.3123526867563677,0.07457882394022299
4786300923.226243,-0.2981729317982661,0.07618414664174231
4897788193.684319,-0.2845748110037207,0.07754333310967658
5011872336.272576,-0.2715368630849944,0.07867483963312515
5128613839.913499,-0.2590382097458624,0.07959596095355449
5248074602.497573,-0.2470585592358769,0.08032289451115938
5370317963.702371,-0.2355782075879804,0.08087080183808207
5495408738.576085,-0.2245780377798798,0.08125386715021631
5623413251.903326,-0.2140395170421587,0.08148535320184379
5754399373.371401,-0.203944692520681,0.08157765447029865
5888436553.555717,-0.1942761854849398,0.08154234774608068
6025595860.743402,-0.1850171842594745,0.0813902402071519
6165950018.614641,-0.1761514360416305,0.08113141505914419
6309573444.801747,-0.1676632377554771,0.08077527482645606
6456542290.346366,-0.1595374260793578,0.08033058238022008
6606934480.075767,-0.151759366772741,0.0798054997901453
6760829753.91962,-0.1443149434169719,0.07920762508755975
6918309709.189162,-0.1371905456742605,0.07854402702646633
7079457843.841171,-0.1303730571593879,0.07782127792912873
7244359600.749688,-0.1238498430099191,0.0770454847007787
7413102413.008958,-0.1176087372319395,0.07622231809747167
7585775750.291615,-0.1116380298909788,0.07535704032838778
7762471166.28669,-0.1059264542102054,0.07445453107270342
7943282347.242582,-0.1004631736316189,0.07351931198835085
8128305161.640754,-0.09523776888964385,0.07255556978801382
8317637711.026465,-0.09024022514106385,0.07156717795495425
8511380382.023514,-0.08546091918981238,0.07055771716912457
8709635899.560549,-0.08089060684064722,0.0695304945110015
8912509381.337191,-0.07652041041123904,0.06848856150822193
9120108393.558826,-0.07234180642822566,0.06743473108747389
9332543007.969633,-0.06834661352928162,0.06637159349131916
9549925860.214075,-0.0645269805899141,0.06530153121711858
9772372209.557816,-0.06087537509060152,0.06422673303280012
10000000000,-0.05738457173742861,0.06314920712139714
