/net019 X,/net019 Y
0,0.001378653221911574
0.0012,0.001378654022367324
0.0024,0.001378654882206095
0.0036,0.001378655771757728
0.0048,0.0013786566920472
0.005999999999999999,0.001378657644134167
0.007199999999999999,0.00137865862911534
0.008399999999999999,0.001378659648124676
0.009599999999999999,0.001378660702335477
0.0108,0.001378661792961492
0.012,0.001378662921258119
0.0132,0.001378664088523928
0.0144,0.001378665296102347
0.0156,0.001378666545382813
0.0168,0.001378667837802826
0.018,0.0013786691748492
0.0192,0.001378670558059828
0.0204,0.001378671989025666
0.0216,0.001378673469392401
0.0228,0.001378675000862232
0.024,0.001378676585196024
0.0252,0.001378678224215034
0.0264,0.001378679919803164
0.0276,0.001378681673909346
0.0288,0.001378683488549322
0.03,0.001378685365807993
0.0312,0.001378687307842226
0.0324,0.001378689316882924
0.0336,0.00137869139523748
0.0348,0.001378693545292961
0.036,0.001378695769518075
0.0372,0.001378698070466542
0.0384,0.001378700450779939
0.0396,0.001378702913190311
0.0408,0.001378705460523816
0.042,0.001378708095703533
0.0432,0.001378710821753017
0.0444,0.001378713641799632
0.04559999999999999,0.00137871655907821
0.04679999999999999,0.00137871957693446
0.04799999999999999,0.001378722698829212
0.04919999999999999,0.001378725928341995
0.05039999999999999,0.001378729269175161
0.05159999999999999,0.001378732725158386
0.05279999999999999,0.001378736300252415
0.05399999999999999,0.001378739998554426
0.05519999999999999,0.001378743824301692
0.05639999999999999,0.001378747781877292
0.05759999999999999,0.001378751875814522
0.05879999999999999,0.001378756110802318
0.05999999999999999,0.001378760491690478
0.06119999999999999,0.001378765023495074
0.06239999999999999,0.00137876971140434
0.06359999999999999,0.001378774560784614
0.0648,0.001378779577186138
0.066,0.00137878476634955
0.06720000000000001,0.00137879013421254
0.06840000000000002,0.001378795686916178
0.06960000000000002,0.001378801430812419
0.07080000000000003,0.001378807372470968
0.07200000000000004,0.001378813518686709
0.07320000000000004,0.001378819876487795
0.07440000000000005,0.001378826453143121
0.07560000000000006,0.001378833256171112
0.07680000000000006,0.00137884029334774
0.07800000000000007,0.001378847572715984
0.07920000000000008,0.001378855102594159
0.08040000000000008,0.001378862891586205
0.08160000000000009,0.001378870948591046
0.0828000000000001,0.001378879282812704
0.0840000000000001,0.00137888790377086
0.08520000000000011,0.001378896821311695
0.08640000000000012,0.00137890604561909
0.08760000000000012,0.001378915587226205
0.08880000000000013,0.001378925457027587
0.09000000000000014,0.001378935666291352
0.09120000000000014,0.001378946226672406
0.09240000000000015,0.00137895715022531
0.09360000000000016,0.001378968449418479
0.09480000000000016,0.001378980137147955
0.09600000000000017,0.001378992226752615
0.09720000000000018,0.001379004732029243
0.09840000000000018,0.001379017667248084
0.09960000000000019,0.001379031047169678
0.1008000000000002,0.001379044887061395
0.1020000000000002,0.001379059202714971
0.1032000000000002,0.00137907401046484
0.1044000000000002,0.001379089327206761
0.1056000000000002,0.001379105170417496
0.1068000000000002,0.001379121558174328
0.1080000000000002,0.001379138509176852
0.1092000000000002,0.00137915604276772
0.1104000000000002,0.001379174178955196
0.1116000000000003,0.001379192938436826
0.1128000000000003,0.001379212342622725
0.1140000000000003,0.001379232413660849
0.1152000000000003,0.001379253174462502
0.1164000000000003,0.001379274648729319
0.1176000000000003,0.001379296860980706
0.1188000000000003,0.001379319836582243
0.1200000000000003,0.001379343601775941
0.1212000000000003,0.001379368183710616
0.1224000000000003,0.001379393610473814
0.1236000000000003,0.001379419911124994
0.1248000000000003,0.00137944711572995
0.1260000000000003,0.001379475255396156
0.1272000000000003,0.001379504362309501
0.1284000000000003,0.00137953446977327
0.1296000000000004,0.00137956561224703
0.1308000000000004,0.001379597825388408
0.1320000000000004,0.001379631146095614
0.1332000000000004,0.001379665612551904
0.1344000000000004,0.001379701264271598
0.1356000000000004,0.001379738142148061
0.1368000000000004,0.001379776288498144
0.1380000000000004,0.001379815746331575
0.1392000000000004,0.001379856560312553
0.1404000000000004,0.001379898777218423
0.1416000000000004,0.001379942445463817
0.1428000000000004,0.001379987615160325
0.1440000000000004,0.001380034338178774
0.1452000000000004,0.001380082668213283
0.1464000000000004,0.001380132660848743
0.1476000000000005,0.001380184373630394
0.1488000000000005,0.001380237866136489
0.1500000000000005,0.001380293200053817
0.1512000000000005,0.001380350439256749
0.1524000000000005,0.001380409649888651
0.1536000000000005,0.001380470900448092
0.1548000000000005,0.001380534261877098
0.1560000000000005,0.001380599807654613
0.1572000000000005,0.001380667613893076
0.1584000000000005,0.001380737759439229
0.1596000000000005,0.001380810325979857
0.1608000000000005,0.001380885398151746
0.1620000000000005,0.001380963063656515
0.1632000000000005,0.001381043413380636
0.1644000000000005,0.001381126541521167
0.1656000000000006,0.001381212545716747
0.1668000000000006,0.001381301527185012
0.1680000000000006,0.001381393590865948
0.1692000000000006,0.001381488845572804
0.1704000000000006,0.001381587404148927
0.1716000000000006,0.001381689383633396
0.1728000000000006,0.001381794905433581
0.1740000000000006,0.001381904095507016
0.1752000000000006,0.001382017084551603
0.1764000000000006,0.001382134008205789
0.1776000000000006,0.001382255007258359
0.1788000000000006,0.001382380227869881
0.1800000000000006,0.001382509821803962
0.1812000000000006,0.001382643946672645
0.1824000000000006,0.001382782766193044
0.1836000000000007,0.001382926450458645
0.1848000000000007,0.001383075176225201
0.1860000000000007,0.001383229127211789
0.1872000000000007,0.001383388494419717
0.1884000000000007,0.001383553476467647
0.1896000000000007,0.001383724279947681
0.1908000000000007,0.001383901119800475
0.1920000000000007,0.00138408421971322
0.1932000000000007,0.001384273812540536
0.1944000000000007,0.001384470140751265
0.1956000000000007,0.001384673456901562
0.1968000000000007,0.001384884024138116
0.1980000000000007,0.001385102116731808
0.1992000000000007,0.001385328020645949
0.2004000000000007,0.00138556203414021
0.2016000000000008,0.001385804468414835
0.2028000000000008,0.001386055648296092
0.2040000000000008,0.001386315912968481
0.2052000000000008,0.001386585616756385
0.2064000000000008,0.00138686512995949
0.2076000000000008,0.001387154839746211
0.2088000000000008,0.001387455151111063
0.2100000000000008,0.001387766487899981
0.2112000000000008,0.001388089293911127
0.2124000000000008,0.001388424034076613
0.2136000000000008,0.001388771195733413
0.2148000000000008,0.001389131289990697
0.2160000000000008,0.001389504853203059
0.2172000000000008,0.00138989244855987
0.2184000000000008,0.001390294667800547
0.2196000000000009,0.001390712133069263
0.2208000000000009,0.001391145498922299
0.2220000000000009,0.001391595454502056
0.2232000000000009,0.001392062725896251
0.2244000000000009,0.001392548078699658
0.2256000000000009,0.001393052320800417
0.2268000000000009,0.001393576305412837
0.2280000000000009,0.001394120934384951
0.2292000000000009,0.001394687161808847
0.2304000000000009,0.00139527599796646
0.2316000000000009,0.001395888513649935
0.2328000000000009,0.001396525844896424
0.2340000000000009,0.001397189198185479
0.2352000000000009,0.001397879856152069
0.2364000000000009,0.001398599183876312
0.2376000000000009,0.001399348635816438
0.238800000000001,0.001400129763464711
0.240000000000001,0.001400944223811571
0.241200000000001,0.001401793788720224
0.242400000000001,0.001402680355324058
0.243600000000001,0.001403605957575246
0.244800000000001,0.001404572779094854
0.246000000000001,0.001405583167490217
0.247200000000001,0.001406639650332381
0.248400000000001,0.001407744953014135
0.249600000000001,0.001408902018737709
0.250800000000001,0.001410114030920648
0.252000000000001,0.001411384438345952
0.253200000000001,0.001412716983430424
0.254400000000001,0.001414115734037178
0.2556000000000009,0.001415585119316098
0.2568000000000009,0.001417129970122423
0.2580000000000009,0.001418755564632018
0.2592000000000009,0.001420467679851909
0.2604000000000009,0.001422272649800495
0.2616000000000008,0.001424177431215527
0.2628000000000008,0.001426189677722641
0.2640000000000008,0.001428317823457668
0.2652000000000008,0.0014305711771787
0.2664000000000007,0.001432960027893694
0.2676000000000007,0.001435495762957929
0.2688000000000007,0.001438190999418873
0.2700000000000007,0.00144105972904913
0.2712000000000007,0.001444117476961085
0.2724000000000006,0.00144738147283821
0.2736000000000006,0.001450870832558723
0.2748000000000006,0.00145460674620384
0.2760000000000006,0.001458612666017724
0.2772000000000006,0.001462914484730217
0.2784000000000005,0.001467540690741114
0.2796000000000005,0.00147252248214071
0.2808000000000005,0.001477893816772739
0.2820000000000005,0.001483691371334629
0.2832000000000005,0.001489954380090589
0.2844000000000004,0.001496724324945257
0.2856000000000004,0.001504044455472987
0.2868000000000004,0.001511959131905716
0.2880000000000004,0.001520513006805505
0.2892000000000003,0.001529750090650195
0.2904000000000003,0.001539712778111137
0.2916000000000003,0.001550440937609212
0.2928000000000003,0.001561971177762387
0.2940000000000003,0.001574336393667414
0.2952000000000002,0.001587565662515235
0.2964000000000002,0.001601684508319811
0.2976000000000002,0.001616715502025095
0.2988000000000002,0.001632679119722643
0.3000000000000002,0.001649594757892946
0.3012000000000001,0.001667481803072694
0.3024000000000001,0.001686360669926097
0.3036000000000001,0.001706253748358964
0.3048000000000001,0.001727186228843863
0.306,0.001749186799595787
0.3072,0.00177228822678244
0.3084,0.001796527839291391
0.3096,0.001821947943978481
0.3108,0.001848596197585645
0.3119999999999999,0.001876525959420537
0.3131999999999999,0.001905796645741141
0.3143999999999999,0.001936474103512432
0.3155999999999999,0.001968631018291324
0.3167999999999999,0.002002347368695258
0.3179999999999998,0.002037710938276524
0.3191999999999998,0.002074817894627064
0.3203999999999998,0.002113773445115845
0.3215999999999998,0.002154692578717829
0.3227999999999998,0.00219770090387626
0.3239999999999997,0.002242935593184914
0.3251999999999997,0.002290546446847386
0.3263999999999997,0.002340697088357912
0.3275999999999997,0.002393566307638335
0.3287999999999996,0.002449349568987463
0.3299999999999996,0.002508260703668272
0.3311999999999996,0.002570533809832264
0.3323999999999996,0.002636425385810802
0.3335999999999996,0.002706216726671022
0.3347999999999995,0.002780216618443518
0.3359999999999995,0.002858764369697792
0.3371999999999995,0.002942233226332196
0.3383999999999995,0.003031034222754368
0.3395999999999995,0.003125620531296447
0.3407999999999994,0.003226492382048178
0.3419999999999994,0.003334202637704303
0.3431999999999994,0.003449363123209818
0.3443999999999994,0.003572651827895901
0.3455999999999994,0.003704821120111007
0.3467999999999993,0.003846707141890724
0.3479999999999993,0.003999240584861525
0.3491999999999993,0.004163459090563716
0.3503999999999993,0.004340521570829291
0.3515999999999992,0.004531724809703036
0.3527999999999992,0.004738522791529401
0.3539999999999992,0.004962549305275582
0.3551999999999992,0.005205644509654846
0.3563999999999992,0.005469886316036988
0.3575999999999991,0.005757627668442918
0.3587999999999991,0.00607154108835998
0.3599999999999991,0.006414672228798182
0.3611999999999991,0.00679050467780151
0.3623999999999991,0.007203038909611182
0.363599999999999,0.007656889163560472
0.364799999999999,0.008157403225670216
0.365999999999999,0.008710811727271348
0.367199999999999,0.009324415856181482
0.368399999999999,0.01000682560137463
0.3695999999999989,0.01076826529535841
0.3707999999999989,0.0116209700396147
0.3719999999999989,0.01257970684901082
0.3731999999999989,0.0136624701527136
0.3743999999999988,0.01489142635455402
0.3755999999999988,0.01629422321697149
0.3767999999999988,0.01790584959113804
0.3779999999999988,0.01977135453814992
0.3791999999999988,0.02194996423520586
0.3803999999999987,0.02452158488033938
0.3815999999999987,0.02759762006240531
0.3827999999999987,0.03134014803397468
0.3839999999999987,0.03599869745120819
0.3851999999999987,0.04198784994337744
0.3863999999999986,0.05006959258718981
0.3875999999999986,0.06181250273661824
0.3887999999999986,0.08054817514898908
0.3899999999999986,0.1087499989677107
0.3911999999999985,0.1434801771083555
0.3923999999999985,0.1812221222137287
0.3935999999999985,0.2208951356954723
0.3947999999999985,0.2621226282446432
0.3959999999999985,0.304712302209562
0.3971999999999984,0.3485263489877895
0.3983999999999984,0.3934462959385081
0.3995999999999984,0.4393615904127556
0.4007999999999984,0.4861650535656278
0.4019999999999984,0.5337505079766725
0.4031999999999983,0.5820110144388358
0.4043999999999983,0.6308370204679309
0.4055999999999983,0.6801138866627353
0.4067999999999983,0.7297180600160246
0.4079999999999983,0.779510536736657
0.4091999999999982,0.8293247713569418
0.4103999999999982,0.878942678432743
0.4115999999999982,0.9280439359542946
0.4127999999999982,0.9760942228399736
0.4139999999999981,1.022104088105227
0.4151999999999981,1.064223382530683
0.4163999999999981,1.099681836760009
0.4175999999999981,1.12639907444486
0.4187999999999981,1.144977506252277
0.419999999999998,1.157799437963556
0.421199999999998,1.166940325337082
0.422399999999998,1.173686135849505
0.423599999999998,1.178806838479399
0.424799999999998,1.182779313118885
0.4259999999999979,1.185912215987777
0.4271999999999979,1.18841408426012
0.4283999999999979,1.190431266373861
0.4295999999999979,1.192069811761552
0.4307999999999979,1.19340862122379
0.4319999999999978,1.194507668702323
0.4331999999999978,1.195413337720761
0.4343999999999978,1.196162005293445
0.4355999999999978,1.196782523585584
0.4367999999999977,1.197297985490214
0.4379999999999977,1.197727010918342
0.4391999999999977,1.198084703429469
0.4403999999999977,1.198383374432664
0.4415999999999977,1.198633099810497
0.4427999999999976,1.198842153288415
0.4439999999999976,1.199017347538041
0.4451999999999976,1.199164305146045
0.4463999999999976,1.199287672472255
0.4475999999999976,1.199391290851385
0.4487999999999975,1.199478360566515
0.4499999999999975,1.199551541108644
0.4511999999999975,1.199613045297865
0.4523999999999975,1.199664718788949
0.4535999999999974,1.199708106350565
0.4547999999999974,1.199744507249347
0.4559999999999974,1.199775021140953
0.4571999999999974,1.199800585102374
0.4583999999999974,1.199822002119101
0.4595999999999973,1.199839961697195
0.4607999999999973,1.199855054140808
0.4619999999999973,1.199867780802375
0.4631999999999973,1.199878562657245
0.4643999999999973,1.199887748808586
0.4655999999999972,1.199895625482295
0.4667999999999972,1.199902425279614
0.4679999999999972,1.199908336137443
0.4691999999999972,1.19991350949749
0.4703999999999972,1.199918067393338
0.4715999999999971,1.199922108373141
0.4727999999999971,1.199925712319485
0.4739999999999971,1.199928944302414
0.4751999999999971,1.199931857625427
0.476399999999997,1.199934496218784
0.477599999999997,1.199936896515428
0.478799999999997,1.199939088921724
0.479999999999997,1.199941098973025
0.481199999999997,1.19994294824477
0.4823999999999969,1.199944655073992
0.4835999999999969,1.19994623513356
0.4847999999999969,1.19994770189165
0.4859999999999969,1.199949066981441
0.4871999999999969,1.199950340500261
0.4883999999999968,1.199951531252993
0.4895999999999968,1.199952646951257
0.4907999999999968,1.19995369437726
0.4919999999999968,1.199954679519327
0.4931999999999968,1.199955607684563
0.4943999999999967,1.199956483592974
0.4955999999999967,1.19995731145649
0.4967999999999967,1.199958095045596
0.4979999999999967,1.199958837745775
0.4991999999999966,1.199959542605529
0.5003999999999966,1.199960212377384
0.5015999999999966,1.199960849553057
0.5027999999999966,1.199961456393728
0.5039999999999966,1.199962034956179
0.5051999999999965,1.199962587115452
0.5063999999999965,1.199963114584563
0.5075999999999965,1.199963618931683
0.5087999999999965,1.199964101595189
0.5099999999999965,1.199964563896859
0.5111999999999964,1.199965007053492
0.5123999999999964,1.199965432187158
0.5135999999999964,1.199965840334268
0.5147999999999964,1.199966232453619
0.5159999999999964,1.199966609433541
0.5171999999999963,1.199966972098274
0.5183999999999963,1.199967321213653
0.5195999999999963,1.199967657492204
0.5207999999999963,1.199967981597711
0.5219999999999962,1.199968294149319
0.5231999999999962,1.199968595725228
0.5243999999999962,1.199968886866027
0.5255999999999962,1.199969168077705
0.5267999999999962,1.199969439834376
0.5279999999999961,1.199969702580751
0.5291999999999961,1.19996995673438
0.5303999999999961,1.199970202687696
0.5315999999999961,1.199970440809874
0.5327999999999961,1.199970671448524
0.533999999999996,1.199970894931243
0.535199999999996,1.199971111567034
0.536399999999996,1.199971321647602
0.537599999999996,1.199971525448543
0.5387999999999959,1.199971723230443
0.5399999999999959,1.199971915239881
0.5411999999999959,1.199972101710353
0.5423999999999959,1.199972282863128
0.5435999999999959,1.199972458908034
0.5447999999999958,1.199972630044186
0.5459999999999958,1.199972796460657
0.5471999999999958,1.199972958337102
0.5483999999999958,1.199973115844331
0.5495999999999958,1.199973269144851
0.5507999999999957,1.199973418393353
0.5519999999999957,1.199973563737181
0.5531999999999957,1.199973705316759
0.5543999999999957,1.199973843265987
0.5555999999999957,1.199973977712615
0.5567999999999956,1.199974108778594
0.5579999999999956,1.199974236580393
0.5591999999999956,1.199974361229304
0.5603999999999956,1.199974482831727
0.5615999999999955,1.199974601489429
0.5627999999999955,1.199974717299798
0.5639999999999955,1.199974830356068
0.5651999999999955,1.199974940747541
0.5663999999999955,1.199975048559788
0.5675999999999954,1.199975153874842
0.5687999999999954,1.199975256771377
0.5699999999999954,1.199975357324876
0.5711999999999954,1.199975455607792
0.5723999999999954,1.199975551689692
0.5735999999999953,1.199975645637408
0.5747999999999953,1.199975737515157
0.5759999999999953,1.199975827384676
0.5771999999999953,1.199975915305336
0.5783999999999953,1.19997600133425
0.5795999999999952,1.199976085526386
0.5807999999999952,1.199976167934658
0.5819999999999952,1.199976248610026
0.5831999999999952,1.199976327601582
0.5843999999999951,1.199976404956634
0.5855999999999951,1.199976480720785
0.5867999999999951,1.199976554938011
0.5879999999999951,1.199976627650728
0.5891999999999951,1.199976698899867
0.590399999999995,1.199976768724928
0.591599999999995,1.19997683716405
0.592799999999995,1.199976904254065
0.593999999999995,1.199976970030553
0.595199999999995,1.199977034527893
0.5963999999999949,1.199977097779317
0.5975999999999949,1.199977159816951
0.5987999999999949,1.199977220671866
0.5999999999999949,1.199977280374117
0.6011999999999948,1.199977338952785
0.6023999999999948,1.199977396436014
0.6035999999999948,1.199977452851052
0.6047999999999948,1.199977508224281
0.6059999999999948,1.199977562581255
0.6071999999999947,1.199977615946729
0.6083999999999947,1.199977668344693
0.6095999999999947,1.199977719798397
0.6107999999999947,1.19997777033038
0.6119999999999947,1.1999778199625
0.6131999999999946,1.199977868715956
0.6143999999999946,1.199977916611312
0.6155999999999946,1.199977963668524
0.6167999999999946,1.199978009906957
0.6179999999999946,1.19997805534541
0.6191999999999945,1.199978100002138
0.6203999999999945,1.199978143894864
0.6215999999999945,1.199978187040806
0.6227999999999945,1.199978229456691
0.6239999999999944,1.199978271158772
0.6251999999999944,1.199978312162845
0.6263999999999944,1.199978352484266
0.6275999999999944,1.199978392137962
0.6287999999999944,1.199978431138452
0.6299999999999943,1.199978469499855
0.6311999999999943,1.199978507235906
0.6323999999999943,1.199978544359969
0.6335999999999943,1.199978580885049
0.6347999999999943,1.199978616823804
0.6359999999999942,1.199978652188553
0.6371999999999942,1.199978686991293
0.6383999999999942,1.199978721243707
0.6395999999999942,1.199978754957171
0.6407999999999942,1.199978788142766
0.6419999999999941,1.199978820811291
0.6431999999999941,1.199978852973266
0.6443999999999941,1.199978884638943
0.6455999999999941,1.199978915818315
0.646799999999994,1.199978946521125
0.647999999999994,1.199978976756871
0.649199999999994,1.199979006534814
0.650399999999994,1.199979035863988
0.651599999999994,1.199979064753203
0.6527999999999939,1.199979093211054
0.6539999999999939,1.199979121245928
0.6551999999999939,1.199979148866008
0.6563999999999939,1.19997917607928
0.6575999999999939,1.199979202893541
0.6587999999999938,1.199979229316399
0.6599999999999938,1.199979255355285
0.6611999999999938,1.199979281017454
0.6623999999999938,1.19997930630999
0.6635999999999938,1.199979331239813
0.6647999999999937,1.199979355813683
0.6659999999999937,1.199979380038203
0.6671999999999937,1.199979403919825
0.6683999999999937,1.199979427464854
0.6695999999999936,1.199979450679452
0.6707999999999936,1.19997947356964
0.6719999999999936,1.199979496141305
0.6731999999999936,1.199979518400203
0.6743999999999936,1.19997954035196
0.6755999999999935,1.199979562002078
0.6767999999999935,1.199979583355938
0.6779999999999935,1.199979604418803
0.6791999999999935,1.19997962519582
0.6803999999999935,1.199979645692025
0.6815999999999934,1.199979665912345
0.6827999999999934,1.199979685861599
0.6839999999999934,1.199979705544506
0.6851999999999934,1.199979724965681
0.6863999999999933,1.199979744129642
0.6875999999999933,1.199979763040812
0.6887999999999933,1.199979781703522
0.6899999999999933,1.199979800122008
0.6911999999999933,1.199979818300421
0.6923999999999932,1.199979836242825
0.6935999999999932,1.199979853953199
0.6947999999999932,1.199979871435442
0.6959999999999932,1.19997988869337
0.6971999999999932,1.199979905730723
0.6983999999999931,1.199979922551164
0.6995999999999931,1.199979939158283
0.7007999999999931,1.199979955555596
0.7019999999999931,1.199979971746549
0.7031999999999931,1.199979987734519
0.704399999999993,1.199980003522815
0.705599999999993,1.199980019114681
0.706799999999993,1.199980034513297
0.707999999999993,1.199980049721779
0.7091999999999929,1.199980064743183
0.7103999999999929,1.199980079580506
0.7115999999999929,1.199980094236684
0.7127999999999929,1.199980108714598
0.7139999999999929,1.199980123017073
0.7151999999999928,1.199980137146879
0.7163999999999928,1.199980151106734
0.7175999999999928,1.199980164899303
0.7187999999999928,1.1999801785272
0.7199999999999928,1.19998019199299
0.7211999999999927,1.19998020529919
0.7223999999999927,1.199980218448268
0.7235999999999927,1.199980231442648
0.7247999999999927,1.199980244284706
0.7259999999999927,1.199980256976775
0.7271999999999926,1.199980269521145
0.7283999999999926,1.199980281920063
0.7295999999999926,1.199980294175734
0.7307999999999926,1.199980306290325
0.7319999999999925,1.199980318265961
0.7331999999999925,1.199980330104727
0.7343999999999925,1.199980341808674
0.7355999999999925,1.199980353379812
0.7367999999999925,1.199980364820117
0.7379999999999924,1.199980376131528
0.7391999999999924,1.19998038731595
0.7403999999999924,1.199980398375254
0.7415999999999924,1.199980409311277
0.7427999999999924,1.199980420125824
0.7439999999999923,1.199980430820666
0.7451999999999923,1.199980441397547
0.7463999999999923,1.199980451858176
0.7475999999999923,1.199980462204233
0.7487999999999922,1.199980472437371
0.7499999999999922,1.199980482559211
0.7511999999999922,1.199980492571347
0.7523999999999922,1.199980502475346
0.7535999999999922,1.199980512272748
0.7547999999999921,1.199980521965065
0.7559999999999921,1.199980531553785
0.7571999999999921,1.199980541040367
0.7583999999999921,1.19998055042625
0.7595999999999921,1.199980559712845
0.760799999999992,1.199980568901539
0.761999999999992,1.199980577993699
0.763199999999992,1.199980586990664
0.764399999999992,1.199980595893754
0.765599999999992,1.199980604704265
0.7667999999999919,1.199980613423473
0.7679999999999919,1.199980622052632
0.7691999999999919,1.199980630592974
0.7703999999999919,1.199980639045712
0.7715999999999918,1.199980647412038
0.7727999999999918,1.199980655693125
0.7739999999999918,1.199980663890127
0.7751999999999918,1.199980672004178
0.7763999999999918,1.199980680036394
0.7775999999999917,1.199980687987872
0.7787999999999917,1.199980695859694
0.7799999999999917,1.19998070365292
0.7811999999999917,1.199980711368597
0.7823999999999917,1.199980719007752
0.7835999999999916,1.199980726571399
0.7847999999999916,1.199980734060531
0.7859999999999916,1.199980741476129
0.7871999999999916,1.199980748819157
0.7883999999999916,1.199980756090563
0.7895999999999915,1.199980763291281
0.7907999999999915,1.19998077042223
0.7919999999999915,1.199980777484314
0.7931999999999915,1.199980784478424
0.7943999999999914,1.199980791405435
0.7955999999999914,1.19998079826621
0.7967999999999914,1.199980805061597
0.7979999999999914,1.199980811792433
0.7991999999999914,1.19998081845954
0.8003999999999913,1.199980825063728
0.8015999999999913,1.199980831605794
0.8027999999999913,1.199980838086524
0.8039999999999913,1.199980844506691
0.8051999999999913,1.199980850867055
0.8063999999999912,1.199980857168366
0.8075999999999912,1.199980863411363
0.8087999999999912,1.199980869596772
0.8099999999999912,1.199980875725309
0.8111999999999912,1.199980881797679
0.8123999999999911,1.199980887814577
0.8135999999999911,1.199980893776685
0.8147999999999911,1.199980899684678
0.8159999999999911,1.199980905539219
0.817199999999991,1.199980911340962
0.818399999999991,1.199980917090551
0.819599999999991,1.199980922788619
0.820799999999991,1.199980928435791
0.821999999999991,1.199980934032684
0.8231999999999909,1.199980939579902
0.8243999999999909,1.199980945078045
0.8255999999999909,1.1999809505277
0.8267999999999909,1.199980955929448
0.8279999999999909,1.19998096128386
0.8291999999999908,1.1999809665915
0.8303999999999908,1.199980971852921
0.8315999999999908,1.199980977068673
0.8327999999999908,1.199980982239292
0.8339999999999907,1.199980987365312
0.8351999999999907,1.199980992447255
0.8363999999999907,1.199980997485637
0.8375999999999907,1.199981002480967
0.8387999999999907,1.199981007433746
0.8399999999999906,1.199981012344469
0.8411999999999906,1.199981017213622
0.8423999999999906,1.199981022041687
0.8435999999999906,1.199981026829136
0.8447999999999906,1.199981031576435
0.8459999999999905,1.199981036284046
0.8471999999999905,1.199981040952422
0.8483999999999905,1.199981045582009
0.8495999999999905,1.19998105017325
0.8507999999999905,1.199981054726579
0.8519999999999904,1.199981059242424
0.8531999999999904,1.199981063721209
0.8543999999999904,1.199981068163351
0.8555999999999904,1.199981072569259
0.8567999999999903,1.199981076939342
0.8579999999999903,1.199981081273996
0.8591999999999903,1.199981085573618
0.8603999999999903,1.199981089838597
0.8615999999999903,1.199981094069315
0.8627999999999902,1.199981098266151
0.8639999999999902,1.19998110242948
0.8651999999999902,1.199981106559667
0.8663999999999902,1.199981110657078
0.8675999999999902,1.19998111472207
0.8687999999999901,1.199981118754996
0.8699999999999901,1.199981122756205
0.8711999999999901,1.199981126726042
0.8723999999999901,1.199981130664845
0.8735999999999901,1.199981134572949
0.87479999999999,1.199981138450685
0.87599999999999,1.199981142298379
0.87719999999999,1.199981146116351
0.87839999999999,1.19998114990492
0.8795999999999899,1.199981153664399
0.8807999999999899,1.199981157395097
0.8819999999999899,1.199981161097318
0.8831999999999899,1.199981164771364
0.8843999999999899,1.199981168417531
0.8855999999999898,1.199981172036113
0.8867999999999898,1.199981175627399
0.8879999999999898,1.199981179191674
0.8891999999999898,1.19998118272922
0.8903999999999898,1.199981186240316
0.8915999999999897,1.199981189725236
0.8927999999999897,1.199981193184251
0.8939999999999897,1.199981196617627
0.8951999999999897,1.199981200025631
0.8963999999999896,1.199981203408522
0.8975999999999896,1.199981206766557
0.8987999999999896,1.199981210099991
0.8999999999999896,1.199981213409074
0.9011999999999896,1.199981216694054
0.9023999999999895,1.199981219955176
0.9035999999999895,1.199981223192681
0.9047999999999895,1.199981226406808
0.9059999999999895,1.199981229597791
0.9071999999999895,1.199981232765863
0.9083999999999894,1.199981235911254
0.9095999999999894,1.199981239034191
0.9107999999999894,1.199981242134896
0.9119999999999894,1.199981245213592
0.9131999999999894,1.199981248270496
0.9143999999999893,1.199981251305823
0.9155999999999893,1.199981254319788
0.9167999999999893,1.1999812573126
0.9179999999999893,1.199981260284467
0.9191999999999892,1.199981263235593
0.9203999999999892,1.199981266166182
0.9215999999999892,1.199981269076433
0.9227999999999892,1.199981271966545
0.9239999999999892,1.199981274836712
0.9251999999999891,1.199981277687128
0.9263999999999891,1.199981280517983
0.9275999999999891,1.199981283329465
0.9287999999999891,1.199981286121761
0.9299999999999891,1.199981288895053
0.931199999999989,1.199981291649524
0.932399999999989,1.199981294385353
0.933599999999989,1.199981297102716
0.934799999999989,1.19998129980179
0.935999999999989,1.199981302482747
0.9371999999999889,1.199981305145759
0.9383999999999889,1.199981307790993
0.9395999999999889,1.199981310418617
0.9407999999999889,1.199981313028796
0.9419999999999888,1.199981315621693
0.9431999999999888,1.199981318197469
0.9443999999999888,1.199981320756283
0.9455999999999888,1.199981323298292
0.9467999999999888,1.199981325823653
0.9479999999999887,1.199981328332518
0.9491999999999887,1.199981330825039
0.9503999999999887,1.199981333301367
0.9515999999999887,1.19998133576165
0.9527999999999887,1.199981338206034
0.9539999999999886,1.199981340634666
0.9551999999999886,1.199981343047687
0.9563999999999886,1.199981345445239
0.9575999999999886,1.199981347827463
0.9587999999999886,1.199981350194497
0.9599999999999885,1.199981352546478
0.9611999999999885,1.199981354883541
0.9623999999999885,1.19998135720582
0.9635999999999885,1.199981359513447
0.9647999999999884,1.199981361806553
0.9659999999999884,1.199981364085267
0.9671999999999884,1.199981366349716
0.9683999999999884,1.199981368600028
0.9695999999999884,1.199981370836327
0.9707999999999883,1.199981373058737
0.9719999999999883,1.19998137526738
0.9731999999999883,1.199981377462376
0.9743999999999883,1.199981379643845
0.9755999999999883,1.199981381811906
0.9767999999999882,1.199981383966675
0.9779999999999882,1.199981386108267
0.9791999999999882,1.199981388236797
0.9803999999999882,1.199981390352378
0.9815999999999881,1.199981392455121
0.9827999999999881,1.199981394545138
0.9839999999999881,1.199981396622537
0.9851999999999881,1.199981398687427
0.9863999999999881,1.199981400739914
0.987599999999988,1.199981402780104
0.988799999999988,1.199981404808102
0.989999999999988,1.199981406824012
0.991199999999988,1.199981408827935
0.992399999999988,1.199981410819974
0.9935999999999879,1.199981412800227
0.9947999999999879,1.199981414768795
0.9959999999999879,1.199981416725776
0.9971999999999879,1.199981418671265
0.9983999999999879,1.199981420605361
0.9995999999999878,1.199981422528156
1.000799999999988,1.199981424439745
1.001999999999988,1.199981426340222
1.003199999999988,1.199981428229678
1.004399999999988,1.199981430108204
1.005599999999988,1.19998143197589
1.006799999999988,1.199981433832825
1.007999999999988,1.199981435679098
1.009199999999989,1.199981437514795
1.010399999999989,1.199981439340003
1.011599999999989,1.199981441154807
1.012799999999989,1.199981442959292
1.013999999999989,1.199981444753541
1.015199999999989,1.199981446537637
1.016399999999989,1.199981448311663
1.017599999999989,1.199981450075699
1.018799999999989,1.199981451829825
1.019999999999989,1.19998145357412
1.021199999999989,1.199981455308665
1.02239999999999,1.199981457033535
1.02359999999999,1.199981458748808
1.02479999999999,1.199981460454561
1.02599999999999,1.199981462150869
1.02719999999999,1.199981463837806
1.02839999999999,1.199981465515446
1.02959999999999,1.199981467183863
1.03079999999999,1.199981468843129
1.03199999999999,1.199981470493315
1.03319999999999,1.199981472134493
1.03439999999999,1.199981473766733
1.035599999999991,1.199981475390104
1.036799999999991,1.199981477004676
1.037999999999991,1.199981478610515
1.039199999999991,1.199981480207691
1.040399999999991,1.19998148179627
1.041599999999991,1.199981483376317
1.042799999999991,1.199981484947899
1.043999999999991,1.19998148651108
1.045199999999991,1.199981488065925
1.046399999999991,1.199981489612496
1.047599999999991,1.199981491150858
1.048799999999992,1.199981492681072
1.049999999999992,1.1999814942032
1.051199999999992,1.199981495717303
1.052399999999992,1.199981497223442
1.053599999999992,1.199981498721677
1.054799999999992,1.199981500212067
1.055999999999992,1.19998150169467
1.057199999999992,1.199981503169546
1.058399999999992,1.199981504636752
1.059599999999992,1.199981506096344
1.060799999999992,1.19998150754838
1.061999999999993,1.199981508992915
1.063199999999993,1.199981510430006
1.064399999999993,1.199981511859706
1.065599999999993,1.19998151328207
1.066799999999993,1.199981514697153
1.067999999999993,1.199981516105007
1.069199999999993,1.199981517505686
1.070399999999993,1.199981518899242
1.071599999999993,1.199981520285726
1.072799999999993,1.199981521665191
1.073999999999993,1.199981523037687
1.075199999999993,1.199981524403265
1.076399999999994,1.199981525761974
1.077599999999994,1.199981527113864
1.078799999999994,1.199981528458985
1.079999999999994,1.199981529797383
1.081199999999994,1.19998153112911
1.082399999999994,1.19998153245421
1.083599999999994,1.199981533772732
1.084799999999994,1.199981535084723
1.085999999999994,1.19998153639023
1.087199999999994,1.199981537689297
1.088399999999994,1.19998153898197
1.089599999999995,1.199981540268295
1.090799999999995,1.199981541548317
1.091999999999995,1.199981542822079
1.093199999999995,1.199981544089626
1.094399999999995,1.199981545351001
1.095599999999995,1.199981546606246
1.096799999999995,1.199981547855406
1.097999999999995,1.199981549098522
1.099199999999995,1.199981550335636
1.100399999999995,1.19998155156679
1.101599999999995,1.199981552792025
1.102799999999996,1.199981554011381
1.103999999999996,1.1999815552249
1.105199999999996,1.19998155643262
1.106399999999996,1.199981557634583
1.107599999999996,1.199981558830827
1.108799999999996,1.199981560021392
1.109999999999996,1.199981561206315
1.111199999999996,1.199981562385636
1.112399999999996,1.199981563559393
1.113599999999996,1.199981564727623
1.114799999999996,1.199981565890363
1.115999999999997,1.199981567047651
1.117199999999997,1.199981568199522
1.118399999999997,1.199981569346015
1.119599999999997,1.199981570487163
1.120799999999997,1.199981571623005
1.121999999999997,1.199981572753574
1.123199999999997,1.199981573878905
1.124399999999997,1.199981574999035
1.125599999999997,1.199981576113997
1.126799999999997,1.199981577223825
1.127999999999997,1.199981578328553
1.129199999999998,1.199981579428215
1.130399999999998,1.199981580522845
1.131599999999998,1.199981581612475
1.132799999999998,1.199981582697137
1.133999999999998,1.199981583776866
1.135199999999998,1.199981584851692
1.136399999999998,1.199981585921648
1.137599999999998,1.199981586986766
1.138799999999998,1.199981588047076
1.139999999999998,1.19998158910261
1.141199999999998,1.199981590153399
1.142399999999999,1.199981591199473
1.143599999999999,1.199981592240863
1.144799999999999,1.199981593277599
1.145999999999999,1.19998159430971
1.147199999999999,1.199981595337227
1.148399999999999,1.199981596360178
1.149599999999999,1.199981597378593
1.150799999999999,1.199981598392501
1.151999999999999,1.19998159940193
1.153199999999999,1.199981600406908
1.154399999999999,1.199981601407464
1.1556,1.199981602403626
1.1568,1.199981603395421
1.158,1.199981604382877
1.1592,1.199981605366021
1.1604,1.19998160634488
1.1616,1.199981607319481
1.1628,1.19998160828985
1.164,1.199981609256014
1.1652,1.199981610217999
1.1664,1.19998161117583
1.1676,1.199981612129534
1.168800000000001,1.199981613079136
1.170000000000001,1.199981614024662
1.171200000000001,1.199981614966136
1.172400000000001,1.199981615903583
1.173600000000001,1.199981616837027
1.174800000000001,1.199981617766495
1.176000000000001,1.199981618692009
1.177200000000001,1.199981619613594
1.178400000000001,1.199981620531274
1.179600000000001,1.199981621445073
1.180800000000001,1.199981622355013
1.182000000000001,1.199981623261119
1.183200000000002,1.199981624163414
1.184400000000002,1.19998162506192
1.185600000000002,1.19998162595666
1.186800000000002,1.199981626847657
1.188000000000002,1.199981627734934
1.189200000000002,1.199981628618512
1.190400000000002,1.199981629498414
1.191600000000002,1.199981630374662
1.192800000000002,1.199981631247277
1.194000000000002,1.199981632116281
1.195200000000002,1.199981632981695
1.196400000000003,1.199981633843541
1.197600000000003,1.199981634701839
1.198800000000003,1.199981635556612
1.2,1.199981636407878
